-- phpMyAdmin SQL Dump
-- version 4.5.2
-- http://www.phpmyadmin.net
--
-- Host: 127.0.0.1
-- Generation Time: Mar 23, 2016 at 09:01 AM
-- Server version: 5.7.9
-- PHP Version: 5.6.16

SET SQL_MODE = "NO_AUTO_VALUE_ON_ZERO";
SET time_zone = "+00:00";


/*!40101 SET @OLD_CHARACTER_SET_CLIENT=@@CHARACTER_SET_CLIENT */;
/*!40101 SET @OLD_CHARACTER_SET_RESULTS=@@CHARACTER_SET_RESULTS */;
/*!40101 SET @OLD_COLLATION_CONNECTION=@@COLLATION_CONNECTION */;
/*!40101 SET NAMES utf8mb4 */;

--
-- Database: `enable_supplies_db`
--

-- --------------------------------------------------------

--
-- Table structure for table `assigned`
--

DROP TABLE IF EXISTS `assigned`;
CREATE TABLE IF NOT EXISTS `assigned` (
  `userid` varchar(20) NOT NULL,
  `jobid` int(12) NOT NULL,
  `assignment_date` date NOT NULL,
  KEY `userid` (`userid`),
  KEY `jobid` (`jobid`)
) ENGINE=InnoDB DEFAULT CHARSET=latin1;

-- --------------------------------------------------------

--
-- Table structure for table `belongs_to`
--

DROP TABLE IF EXISTS `belongs_to`;
CREATE TABLE IF NOT EXISTS `belongs_to` (
  `contactid` int(10) NOT NULL,
  `customerid` int(10) NOT NULL,
  KEY `contactid` (`contactid`),
  KEY `customerid` (`customerid`)
) ENGINE=InnoDB DEFAULT CHARSET=latin1;

--
-- Dumping data for table `belongs_to`
--

INSERT INTO `belongs_to` (`contactid`, `customerid`) VALUES
(515, 1),
(516, 2),
(517, 3),
(518, 4),
(519, 5),
(520, 6),
(521, 7),
(522, 8),
(523, 9),
(524, 10),
(525, 11),
(526, 12),
(527, 13),
(528, 14),
(529, 15),
(530, 16),
(531, 17),
(532, 18),
(533, 19),
(534, 20),
(535, 21),
(536, 22),
(537, 23),
(538, 24),
(539, 25),
(540, 26),
(541, 27),
(542, 28),
(543, 29),
(544, 30),
(545, 31),
(546, 32),
(547, 33),
(548, 34),
(549, 35),
(550, 36),
(551, 37),
(552, 38),
(553, 39),
(554, 40),
(555, 41),
(556, 42),
(557, 43),
(558, 44),
(559, 45),
(560, 46),
(561, 47),
(562, 48),
(563, 49),
(564, 50),
(565, 51),
(566, 52),
(567, 53),
(568, 54),
(569, 55),
(570, 56),
(571, 57),
(572, 58),
(573, 59),
(574, 60),
(575, 61),
(576, 62),
(577, 63),
(578, 64),
(579, 65),
(580, 66),
(581, 67),
(582, 68),
(583, 69),
(584, 70),
(585, 71),
(586, 72),
(587, 73),
(588, 74),
(589, 75),
(590, 76),
(591, 77),
(592, 78),
(593, 79),
(594, 80),
(595, 81),
(596, 82),
(597, 83),
(598, 84),
(599, 85),
(600, 86),
(601, 87),
(602, 88),
(603, 89),
(604, 90),
(605, 91),
(606, 92),
(607, 93),
(608, 94),
(609, 95),
(610, 96),
(611, 97),
(612, 98),
(613, 99),
(614, 100),
(615, 101),
(616, 102),
(617, 103),
(618, 104),
(619, 105),
(620, 106),
(621, 107),
(622, 108),
(623, 109),
(624, 110),
(625, 111),
(626, 112),
(627, 113),
(628, 114),
(629, 115),
(630, 116),
(631, 117),
(632, 118),
(633, 119),
(634, 120),
(635, 121),
(636, 122),
(637, 123),
(638, 124),
(639, 125),
(640, 126),
(641, 127),
(642, 128),
(643, 129),
(644, 130),
(645, 131),
(646, 132),
(647, 133),
(648, 134),
(649, 135),
(650, 136),
(651, 137),
(652, 138),
(653, 139),
(654, 140),
(655, 141),
(656, 142),
(657, 143),
(658, 144),
(659, 145),
(660, 146),
(661, 147),
(662, 148),
(663, 149),
(664, 150),
(665, 151),
(666, 152),
(667, 153),
(668, 154),
(669, 155),
(670, 156),
(671, 157),
(672, 158),
(673, 159),
(674, 160),
(675, 161),
(676, 162),
(677, 163),
(678, 164),
(679, 165),
(680, 166),
(681, 167),
(682, 168),
(683, 169),
(684, 170),
(685, 171),
(686, 172),
(687, 173),
(688, 174),
(689, 175),
(690, 176),
(691, 177),
(692, 178),
(693, 179),
(694, 180),
(695, 181),
(696, 182),
(697, 183),
(698, 184),
(699, 185),
(700, 186),
(701, 187),
(702, 188),
(703, 189),
(704, 190),
(705, 191),
(706, 192),
(707, 193),
(708, 194),
(709, 195),
(710, 196),
(711, 197),
(712, 198),
(713, 199),
(714, 200),
(715, 201),
(716, 202),
(717, 203),
(718, 204),
(719, 205),
(720, 206),
(721, 207),
(722, 208),
(723, 209),
(724, 210),
(725, 211),
(726, 212),
(727, 213),
(728, 214),
(729, 215),
(730, 216),
(731, 217),
(732, 218),
(733, 219),
(734, 220),
(735, 221),
(736, 222),
(737, 223),
(738, 224),
(739, 225),
(740, 226),
(741, 227),
(742, 228),
(743, 229),
(744, 230),
(745, 231),
(746, 232),
(747, 233),
(748, 234),
(749, 235),
(750, 236),
(751, 237),
(752, 238),
(753, 239),
(754, 240),
(755, 241),
(756, 242),
(757, 243),
(758, 244);

-- --------------------------------------------------------

--
-- Table structure for table `company`
--

DROP TABLE IF EXISTS `company`;
CREATE TABLE IF NOT EXISTS `company` (
  `companyid` int(10) NOT NULL AUTO_INCREMENT,
  `name` varchar(70) NOT NULL,
  `phone_num` varchar(15) DEFAULT NULL,
  `mobile_phone_num` varchar(15) DEFAULT NULL,
  `email` varchar(50) DEFAULT NULL,
  `fax` varchar(15) DEFAULT NULL,
  `address_line1` varchar(45) DEFAULT NULL,
  `address_line2` varchar(35) DEFAULT NULL,
  `address_line3` varchar(35) DEFAULT NULL,
  `address_line4` varchar(35) DEFAULT NULL,
  `county` varchar(20) DEFAULT NULL,
  `country` varchar(28) DEFAULT NULL,
  `contract_type` varchar(20) DEFAULT NULL,
  `business_type` varchar(25) DEFAULT NULL,
  `contract_renewal_date` date DEFAULT NULL,
  `trade` varchar(7) DEFAULT NULL,
  PRIMARY KEY (`companyid`)
) ENGINE=InnoDB AUTO_INCREMENT=460 DEFAULT CHARSET=latin1;

--
-- Dumping data for table `company`
--

INSERT INTO `company` (`companyid`, `name`, `phone_num`, `mobile_phone_num`, `email`, `fax`, `address_line1`, `address_line2`, `address_line3`, `address_line4`, `county`, `country`, `contract_type`, `business_type`, `contract_renewal_date`, `trade`) VALUES
(1, 'aras mhuire nursing unit', '6821470', '', 'amnh@eircom.net', '', '7 dublin road', 'pallative care 12b', '', 'tuam', 'galway', 'ireland', '', '', '2000-01-01', 'trade'),
(2, 'adult centre', '', '', '', '', '72 ballymena road', 'bt40 2sg', '', 'larne', 'antrim', 'ireland', '', 'residential home', '2000-01-01', 'trade'),
(3, 'advance maintenance ltd', '', '', '', '', 'mirabell', 'dunkathel', 'glanmire', 'cork', '', 'ireland', '', '', '2000-01-01', 'trade'),
(4, 'aiglish national school', '', '', '', '', '', '', '', 'nenagh', 'tipperary', 'ireland', '', 'education', '2000-01-01', 'trade'),
(5, 'ailbhe national school', '', '', 'reception@scoilailbhe.ie', '', '', '', '', 'thurles', 'tipperary', 'ireland', '', '', '2016-01-19', 'trade'),
(6, 'an sli', '', '', '', '', 'bellewsbridge road', 'toberona', '', 'dundalk', 'louth', 'ireland', '', '', '2000-01-01', 'trade'),
(7, 'angle day care center', '0749532658', '0879263327', '', '', 'gweedore rd', '', '', 'dungloe', 'donegal', 'ireland', '', '', '2000-01-01', 'trade'),
(8, 'aquired brain injury ireland', '', '', 'dtobin@abiireland.ie', '', 'teach failte', 'mount bonus', '', 'tullamore', 'offaly', 'ireland', '', '', '2000-01-01', 'trade'),
(9, 'aras an phobail', '0872059539', '', 'mairead@twrc.ie', '', 'croilar an mistealach', 'boherbee', '', 'tralee', 'kerry', 'ireland', '', 'school', '2016-02-02', 'trade'),
(10, 'aras chuchulain', '0749157393', '', 'mairead@twrc.ie', '', 'resource centre', '', '', 'manorcunningham', 'donegal', 'ireland', '', 'residential home', '2000-01-01', 'trade'),
(11, 'aras ghaoth dobhair nursing home', '0749560624', '0876365473', 'efriel@arasgaothdohair.ie', '749560931', 'meenanillar', '', '', 'derrybeg', 'donegal', 'ireland', '', 'nursing home', '2000-01-01', 'trade'),
(12, 'aras mhuire nursing unit', '', '', 'amnh@eircom.net', '', '7 dublin road', 'pallative care 12a', '', 'tuam', 'galway', 'ireland', '', '', '2000-01-01', 'trade'),
(13, 'ardfert national school', '0667134289', '0861607421', 'ardfertns.ias@eircom.net', '', '', '', '', 'ardfert', 'kerry', 'ireland', '', '', '2000-01-01', 'trade'),
(14, 'athboy community school', '0469487894', '', 'aleavy@athboycs.ie', '', '', '', '', 'athboy', 'meath', 'ireland', '', '', '2000-01-01', 'trade'),
(15, 'athlone primary care centre', '0906424840', '', 'annenaughton@hse.ie', '', '', '', '', 'athlone', 'westmeath', 'ireland', '', '', '2000-01-01', 'trade'),
(16, 'aura leitrim leisure', '0719671771', '', 'jscott@auragroup.ie', '', 'attfinlay', '', '', 'carrick-on-shannon', 'leitrim', 'ireland', '', '', '2000-01-01', 'trade'),
(17, 'ballinasloe community nursing unit', '', '0863816700', 'bernie.austin@hse.ie', '', 'assisted bathroom ground floor', '', '', 'ballinasloe', 'galway', 'ireland', '', '', '2000-01-01', 'trade'),
(18, 'ballinsloe community nursing unit', '', '0863816700', 'bernie.austin@hse.ie', '', 'room no. 23 ground floor', '', '', 'ballinasloe', 'galway', 'ireland', '', '', '2000-01-01', 'trade'),
(19, 'balltinglass district hospital', '0596481255', '', 'carol.gannon@hse.ie', '', 'room 157', '', '', 'baltinglass', 'wicklow', 'ireland', '', '', '2000-01-01', 'trade'),
(20, 'ballycar national school', '', '', '', '', 'newmarket on fergus', '', '', 'ballycar', 'clare', 'ireland', '', 'education', '2000-01-01', 'trade'),
(21, 'ballyfermot primary health centre', '', '', '', '', 'cherry orchard', '', '', 'ballyfermot', 'dublin', 'ireland', '', '', '2000-01-01', 'trade'),
(22, 'baltinglass district hospital', '0596481255', '0872040499', 'carol.gannon@hse.ie', '', 'baltinglass', 'room 96', '', 'baltinglass', 'wicklow', 'ireland', '', 'hospital', '2000-01-01', 'trade'),
(23, 'baltydaniel n.s. mallow', '', '0872310075', '', '', '', '', '', 'newtwopothouse', 'cork', 'ireland', '', '', '2000-01-01', 'trade'),
(24, 'baltydaniel national school', '', '', '', '', 'newtwopothouse', '', '', 'mallow', 'cork', 'ireland', '', '', '2000-01-01', 'trade'),
(25, 'bantry general hospital', '', '', '', '', '', '', '', 'bantry', 'cork', 'ireland', '', '', '2000-01-01', 'trade'),
(26, 'beara comm. school', '', '', 'beara2@eircom.net', '', '', '', '', 'castletownbere', 'cork', 'ireland', '', 'education', '2000-01-01', 'trade'),
(27, 'beaumont residential care ltd.', '0214292195', '', '', '', 'woodvale rd', 'ballintemple', '', 'cork', 'cork', 'ireland', '', 'residential home', '2000-01-01', 'trade'),
(28, 'bedroom', '0879907126', '', '', '', '7 cois carraig', '', '', 'clarina', 'limerick', 'ireland', '', 'private house', '2016-06-29', 'private'),
(29, 'beech haven residential', '0539235298', '', '', '', 'black stopps', '', '', 'enniscorthy', 'wexford', 'ireland', '', '', '2000-01-01', 'trade'),
(30, 'belvilla community unit', '', '', '', '', 'room 15', '129 south circular road', '', 'south circular road', 'dublin', 'ireland', '', '', '2000-01-01', 'trade'),
(31, 'bishop o''brien national school', '', '', '', '', 'bartelmy', '', '', 'fermoy', 'cork', 'ireland', '', '', '2000-01-01', 'trade'),
(32, 'bonseoviors convent', '', '', '', '', 'st. anne''s', 'carriglea', '', 'dungarvan', 'waterford', 'ireland', '', '', '2000-01-01', 'trade'),
(33, 'borrisokane community college', '', '', '', '', '', '', '', 'borrisokane', 'tipperary', 'ireland', '', '', '2000-01-01', 'trade'),
(34, 'bray town council', '', '', 'braymd@wicklowcoco.ie', '', 'st. rita''s', 'upper dargle road', 'apt 1 green park rd', 'bray', 'wicklow', 'ireland', '', '', '2000-01-01', 'trade'),
(35, 'bray urban district council', '', '', 'braymd@wicklowcoco.ie', '', '37 hazelwood', 'fassnore rd', '', 'bray', 'wicklow', 'ireland', '', '', '2000-01-01', 'trade'),
(36, 'breffni care center', '0499525520', '', 'ann.gaffeny@hse.ie', '499525546', 'community service', 'room 18', '', 'ballyconnell', 'cavan', 'ireland', '', 'care center', '2000-01-01', 'trade'),
(37, 'brookhaven nursing home', '0568830777', '0872584952', '', '', 'dounoughmore', '', '', 'ballyragget', 'kilkenny', 'ireland', '', 'residential home', '2000-01-01', 'trade'),
(41, 'bun scoil na toirbirte', '', '', 'bunscoilnatoirbhirte@gmail.com', '', '', '', '', 'mitchelstown', 'cork', 'ireland', '', '', '2000-01-01', 'trade'),
(42, 'camphill', '0567725114', '', 'brahim.camphill@camphill.ie', '', 'coolagh', 'ard lui house', '', 'callan', 'kilkenny', 'ireland', '', 'care centre', '2000-01-01', 'trade'),
(44, 'carlow co co', '', '', '', '', 'shrougan no. 31', '', '', 'tullow', 'carlow', 'ireland', '', '', '2000-01-01', 'trade'),
(45, 'carlow county council', '0599136251', '', 'sgallagher@carlowcoco.ie', '', 'for: 1 pairc gleann na bearu', 'bagenalstown', '', '', 'carlow', 'ireland', '', 'private house', '2000-01-01', 'private'),
(46, 'carrick-on-shannon community school', '0719620880', '', '', '719621703', '', '', '', 'carrick-on-shannon', 'leitrim', 'ireland', '', 'school', '2000-01-01', 'trade'),
(47, 'carrignabhfear national school', '0214884509', '0876176680', '', '', 'carrignabhfear', '', '', 'mallow', 'cork', 'ireland', '', 'school', '2000-01-01', 'trade'),
(48, 'castlepollard community school', '0449661163', '', '', '', '', '', '', 'castlepollard', 'westmeath', 'ireland', '', 'education', '2000-01-01', 'trade'),
(49, 'castletownbere community hospital', '', '', '', '', '', '', '', 'castletownbere', 'cork', 'ireland', '', '', '2000-01-01', 'trade'),
(50, 'cbc secondary school', '', '', 'principal@cbsthurles.ie', '', 'o donovan rossa street', '', '', 'thurles', 'tipperary', 'ireland', '', '', '2000-01-01', 'trade'),
(51, 'ceathru caol national school', '0749150169', '', '', '', '', '', '(close to lifford)', 'kerrykeel', 'donegal', 'ireland', '', 'education', '2000-01-01', 'trade'),
(52, 'chapel road hostel', '0749521777', '', '', '', 'chapel road', '', '', 'dungloe', 'donegal', 'ireland', '', '', '2000-01-01', 'trade'),
(53, 'charter medical group', '', '0872773097', 'ksanderson@chartermedical.ie', '', 'the forge', 'smithfield market', 'smithfield', 'dublin 7', 'dublin', 'ireland', '', 'care centre', '2000-01-01', 'trade'),
(54, 'cheeverstown house ltd', '', '', '', '14905753', 'templeogue', '', '', 'dublin 6w', 'dublin', 'ireland', '', '', '2000-01-01', 'trade'),
(55, 'cherry orchard hospital', '', '', 'liz.carey@hse.ie', '', 'ballyfermot', '', '', 'dublin 10', '', 'ireland', '', '', '2000-01-01', 'trade'),
(56, 'cheshire homes', '0214822192', '', '', '', 'lota', '', '', 'cork', 'cork', 'ireland', '', 'residential home', '2000-01-01', 'trade'),
(57, 'child & family centre', '', '', '', '', '', 'ardnagennha', '', 'bantry', 'cork', 'ireland', '', 'co - action', '2000-01-01', 'trade'),
(58, 'cillaoibhinn group home', '', '', '', '', 'killynard', '', '', 'donegal town', 'donegal', 'ireland', '', 'residential home', '2000-01-01', 'trade'),
(59, 'clare county council', '0656846206', '', 'bboyce@clarecoco.ie', '', '30 westbourne court', 'watery road (john mcguire)', '', 'ennis', 'clare', 'ireland', '', '', '2000-01-01', 'trade'),
(60, 'cloghroe national school', '0214385547', '', 'oifig@cloghroens.ie', '', 'bathroom', '', '', 'cloghroe', 'cork', 'ireland', '', 'riding school', '2000-01-01', 'trade'),
(61, 'clonbrusk resource center', '', '', '', '', 'coosan road', '', '', 'athlone', 'westmeath', 'ireland', '', '', '2000-01-01', 'trade'),
(62, 'clonmoney national school', '', '', '', '', '', '', '', 'newmarket on fergus', 'clare', 'ireland', '', 'education', '2000-01-01', 'trade'),
(63, 'clonskeagh c.n.u', '', '', '', '', 'room 012', 'block a, ground floor', '', 'clonskeagh', 'dublin', 'ireland', '', '', '2000-01-01', 'trade'),
(64, 'cnu ballincollig', '0214620600', '', 'managerballincollig@mowlamhealthcare.com', '', 'top floor', '', '', 'ballincollig', 'cork', 'ireland', '', '', '2000-01-01', 'trade'),
(65, 'cnu farranlea', '', '', '', '', '', '', '', 'farranlea', 'cork', 'ireland', '', '', '2000-01-01', 'trade'),
(66, 'co-action', '', '', 'ceo@co-action.ie', '', 'bathroom', '', '', 'bantry', 'cork', 'ireland', '', '', '2000-01-01', 'trade'),
(67, 'colaiste na coiribe', '', '', 'sinead.seoighe@gretb.ie', '', 'tuam road', '', '', 'galway', 'galway', 'ireland', '', '', '2000-01-01', 'trade'),
(68, 'colaiste na trocaire', '', '', 'mercycc@eircom.net', '', 'mercy community college', '', '', 'rathkeale', 'limerick', 'ireland', '', 'school', '2000-01-01', 'trade'),
(69, 'colaiste pobail bheanntrai', '', '', 'admin@colaistepobailbheanntrai.com', '', 'seskin', '', '', 'bantry', 'cork', 'ireland', '', '', '2000-01-01', 'trade'),
(70, 'college gardens (kashma)', '0567763211', '0866016365', 'codriscoll@soskilkenny.ie', '567764000', 'ingrid brennan', 'college gardens', 'callan road', 'kilkenny', 'kilkenny', 'ireland', '', '', '2015-07-29', 'trade'),
(71, 'college of commerce', '0214255500', '0868613806', '', '214314681', 'morrisons island', '', '', 'cork', 'cork', 'ireland', '', 'school', '2000-01-01', 'trade'),
(72, 'coloiste na toirbhirte bandon', '', '', '', '', '', '', '', 'bandon', 'cork', 'ireland', '', 'education', '2000-01-01', 'trade'),
(73, 'community hospital of the assumption', '', '', '', '', '', '', '', 'thurles', 'tipperary', 'ireland', '', 'hospital', '2000-01-01', 'trade'),
(74, 'community services store', '0749521044', '', 'sue.islam@hse.ie', '', 'hse west - unit 3', 'lisnennan', '', 'letterkenny', 'donegal', 'ireland', '', '', '2000-01-01', 'trade'),
(75, 'convent primary school', '0719667171', '', '', '', '', '', '', 'boyle', 'roscommon', 'ireland', '', '', '2000-01-01', 'trade'),
(76, 'cope foundation', '0214891472', '0862592101', 'byrnem@cope-foundation.ie', '', 'scartagh', '', '', 'clonakilty', 'cork', 'ireland', '', 'health sector', '2000-01-01', 'trade'),
(77, 'cope foundation - duplicate', '0214891472', '0862592101', 'byrnem@cope-foundation.ie', '', 'scartagh', '', '', 'clonakilty', 'cork', 'ireland', '', 'health sector', '2000-01-01', 'trade'),
(78, 'cork college of commerce', '', '', '', '', 'morrisons island', 'south terrace', '', 'cork', 'cork', 'ireland', '', '', '2000-01-01', 'trade'),
(79, 'crana college', '0749361113', '', '', '', 'crana road', '', '', 'buncrana', 'donegal', 'ireland', '', 'education', '2000-01-01', 'trade'),
(80, 'crc waterford', '', '', 'lhartrey@crc.ie', '', 'waterford regional hospital', 'waterford community services', 'cork road', 'waterford', 'waterford', 'ireland', '', 'care centre', '2000-01-01', 'trade'),
(81, 'crescent comprehensive college', '', '', 'cresentfinance@gmail.com', '', 'dooradoyle', '', '', 'limerick', '', 'ireland', '', '', '2000-01-01', 'trade'),
(82, 'crowhill', '', '0861572013', '', '', 'ballinoosky', '', '', 'newmarket on fergus', 'clare', 'ireland', '', '', '2000-01-01', 'trade'),
(83, 'cuanannie day services', '0749125624', '', 'georgina.mccudden@hse.ie', '', '', 'ballyraine industrial estate', '', 'letterkenny', 'donegal', 'ireland', '', 'hospital', '2000-01-01', 'trade'),
(84, 'cuh cork - ward 5b', '0214922000', '', 'mourice.oriordan@hse.ie', '', '5th floor', 'wilton', '', 'cork', 'cork', 'ireland', '', '', '2015-11-24', 'trade'),
(85, 'cuil aodha national', '', '', 'cuilaodhans@eircom.net', '', 'cuil aodha', 'macroom', '', 'macroom', 'cork', 'ireland', '', '', '2000-01-01', 'trade'),
(86, 'dalkey community unit', '', '', 'siobhan.turner@hse.ie', '', 'kilbegnet close', '', '', 'dalkey', 'dublin', 'ireland', '', 'care centre', '2000-01-01', 'trade'),
(87, 'daughters of charity', '0615014431', '', 'oonagh.magner@lim-docservice.ie', '', 'the rivers', 'sejare house', '', 'annacotty', 'limerick', 'ireland', '', 'residential home', '2000-01-01', 'trade'),
(88, 'daughter''s of charity', '', '', '', '', 'st. vincent''s -', 'navan road', 'caoimhir-marie murphy', 'dublin 7', '', 'ireland', '', '', '2000-01-01', 'trade'),
(89, 'daughters of charity clonsilla', '0529233419', '', 'tom.sullivan@hse.ie', '', 'st josephs', 'clonsilla', '', 'dublin', '', 'ireland', '', '', '2000-01-01', 'trade'),
(90, 'daughters of charity-st vincent''s', '', '', '', '', 'grainne o''connor c/o caoimhin', 'navan road', '', 'dublin 22', 'dublin', 'ireland', '', '', '2000-01-01', 'trade'),
(91, 'dawn house', '0539233419', '', '', '', 'sjog', '', '', 'enniscorthy', 'wexford', 'ireland', '', 'residential home', '2017-01-13', 'trade'),
(92, 'dawn house', '0529233419', '', 'tom.sullivan@hse.ie', '', 'sjog', '', '', 'wexford', 'wexford', 'ireland', '', 'care centre', '2000-01-01', 'trade'),
(93, 'day resource unit', '', '0872223330', '', '', 'bree', '', '', 'castleblaney', 'monaghan', 'ireland', '', '', '2000-01-01', 'trade'),
(94, 'dean maxwell community nursing unit', '', '', 'liam.carson@hse.ie', '', 'the valley', '', '', 'roscrea', 'tipperary', 'ireland', '', 'hospital', '2000-01-01', 'trade'),
(95, 'dean maxwell house', '', '', 'liam.carson@hse.ie', '', '', '', '', 'roscrea', 'tipperary', 'ireland', '', 'residential home', '2000-01-01', 'trade'),
(96, 'deidre courtney', '0667134289', '', '', '', '', '', '', 'ardfert', 'kerry', 'ireland', '', 'private house', '2016-08-19', 'private'),
(97, 'denray construction ltd', '', '', '', '', '5 beauliew view', '', '', 'drogheda', 'louth', 'ireland', '', '', '2000-01-01', 'trade'),
(98, 'department of agriculture', '', '', '', '', '', 'kildare street', '', 'dublin 2', '', 'ireland', '', '', '2000-01-01', 'trade'),
(99, 'derg center', '', '', 'mmoloney@mwhb.ie', '6741357', 'gortlandroe', '', '', 'nenagh', 'tipperary', 'ireland', '', 'health sector', '2000-01-01', 'trade'),
(100, 'derrane resource centre', '0906625852', '', 'mbourkersg@eircom.net', '', '', 'derrane resource centre', '', 'derrane', 'roscommon', 'ireland', '', 'residential home', '2000-01-01', 'trade'),
(101, 'derrybeg national school', '0906625852', '', 'mbourkersg@eircom.net', '', '', '', '', 'derrybeg', 'donegal', 'ireland', '', '', '2000-01-01', 'trade'),
(102, 'dingle community nursing unit', '0669151455', '', 'deirdre.kuaid@hse.ie', '', '', '', '', 'dingle', 'kerry', 'ireland', '', '', '2000-01-01', 'trade'),
(103, 'disability services', '', '0872486745', 'eimear.goulding@hse.ie', '', 'south west wing', 'st josephs hospital', 'limerick', 'limerick', 'limerick', 'ireland', '', 'private house', '2000-01-01', 'trade'),
(104, 'disablity service', '0469073285', '', '', '', 'commons road', '', '', 'navan', 'meath', 'ireland', '', 'health sector', '2000-01-01', 'trade'),
(105, 'do not use - duplicate', '', '', '', '', 'oakvale', 'bungalow b room 6', '', 'youghal', 'cork', 'ireland', '', '', '2015-08-07', 'trade'),
(106, 'do not use- duplicate', '', '', '', '', 'oakvale e', '', '', 'youghal', 'cork', 'ireland', '', 'care centre', '2000-01-01', 'trade'),
(107, 'doc st vincents centre', '', '', 'purchasing.stvin@docservice.ie', '', 'navan road', '(for anna gill - caoimhin)', '', 'dublin', 'dublin', 'ireland', '', 'nursing home', '2016-11-26', 'trade'),
(108, 'drakelands nursing home', '', '', '', '', '', '', '', 'kilkenny', 'kilkenny', 'ireland', '', '', '2000-01-01', 'trade'),
(109, 'dromclough n.s.', '', '', 'Dromc@eircom.net', '', 'listowel', '', '', 'listowel', 'kerry', 'ireland', '', '', '2000-01-01', 'trade'),
(110, 'drumfries national school', '0749363396', '', 'drumfriesschool.ias@eircom.net', '', '', '', '', 'drumfries', 'donegal', 'ireland', '', 'school', '2000-01-01', 'trade'),
(111, 'dubhras national school', '0916386454', '', '', '', 'cinn mhara', '', '', 'galway', 'galway', 'ireland', '', 'school', '2000-01-01', 'trade'),
(112, 'dungloe district hospital', '0749521160', '0749521044', '', '', 'gweedore road', '', '', 'dungloe', 'donegal', 'ireland', '', 'hospital', '2000-01-01', 'trade'),
(113, 'dungloe national school', '0749521316', '', '', '', 'dungloe', '', '', '', 'donegal', 'ireland', '', '', '2000-01-01', 'trade'),
(114, 'dunmanway swimming pool', '0238845349', '', 'jenniferdeasy@corkcoco.ie', '', 'bantry road', '', '', 'dunmanway', 'cork', 'ireland', '', '', '2000-01-01', 'trade'),
(115, 'enable ireland', '0656943047', '', 'akildea@enableireland.ie', '', 'clonroad business park', 'clon road', '', 'ennis', 'clare', 'ireland', '', 'health sector', '2000-01-01', 'trade'),
(116, 'enable ireland - child center', '', '', '', '', 'oakview village', '', '', 'tralee', 'kerry', 'ireland', '', '', '2000-01-01', 'trade'),
(117, 'enable ireland galway', '', '', 'asmart@enableIreland.ie', '', 'seamus quirke rd', '', '', 'newcastle', 'galway', 'ireland', '', '', '2000-01-01', 'trade'),
(118, 'enable supplies', '', '0876143399', 'marc.egan@enablesupplies.com', '', '7 kilnagleary business park', '', '', 'carrigaline', 'cork', 'ireland', '', '', '2000-01-01', 'trade'),
(119, 'enable supplies ltd', '', '0873288743', 'marc.egan@enablesupplies.ie', '', '', '', '', '', '', 'ireland', '', '', '2000-01-01', 'trade'),
(120, 'enniscorthy community workshop', '0539233039', '', 'info@cwe.ie', '', 'bellefield', '', '', 'enniscorthy', 'wexford', 'ireland', '', '', '2015-07-15', 'trade'),
(121, 'falcarragh day hospital', '0749135104', '0749135133', 'geraldine.mclean@hse.ie', '', '', '', '', 'falcarragh', 'donegal', 'ireland', '', 'hospital', '2000-01-01', 'trade'),
(122, 'falcarragh nursing home', '0749135104', '', '', '', '', '', '', 'falcarragh', 'donegal', 'ireland', '', 'hse', '2000-01-01', 'trade'),
(123, 'ferbane national school', '', '', '', '', '', '', '', 'ferbane', 'offaly', 'ireland', '', '', '2000-01-01', 'trade'),
(124, 'fermoy leisure centre', '', '', 'fermoyleisurecentre@eircom.net', '', '', '', '', 'fermoy', 'cork', 'ireland', '', '', '2000-01-01', 'trade'),
(125, 'festina lente enterprises ltd.', '', '0863549755', 'jillcarey@festinalente.ie', '12720708', 'old conaught avenue', '', '', 'bray', 'wicklow', 'ireland', '', 'riding school', '2000-01-01', 'trade'),
(126, 'firmount national school', '0217337344', '', '', '', '', '', '', 'donoughmore', 'cork', 'ireland', '', 'education', '2000-01-01', 'trade'),
(127, 'forest lodge respite childrens home', '', '', 'yvoone.mckibbin@belfasttrust.hscni.net', '', 'stockmans lane, musgrave park hospital', 'bt9 7jb', '', 'belfast', 'antrim', 'ireland', '', 'hospital', '2000-01-01', 'trade'),
(128, 'gael scoil', '', '', '', '', 'thomas david', 'summerhill', '', 'mallow', 'cork', 'ireland', '', 'education', '2000-01-01', 'trade'),
(129, 'gaelscoil mhic amhlaigh', '', '', 'scoilma.ias@eircom.net', '', 'an coim in mor', 'bothar na gcepach', '', 'cnoc na cathrach', 'galway', 'ireland', '', '', '2000-01-01', 'trade'),
(130, 'gallen community school', '0906454548', '', 'ufinnegan@gallencs.com', '', '', '', '', 'ferbane', 'offaly', 'ireland', '', '', '2000-01-01', 'trade'),
(131, 'galway p.c.c.c. stores', '', '0867924282', '', '', 'briarhill business park', '', '', 'ballybrit', 'galway', 'ireland', '', '', '2000-01-01', 'trade'),
(132, 'garda retirement home', '', '', '', '', '476 howth road', 'raheny', '', 'raheny', 'dublin', 'ireland', '', '', '2000-01-01', 'trade'),
(133, 'garryhankard house', '0868324700', '', '', '', '', '', '', 'upton', 'cork', 'ireland', '', '', '2000-01-01', 'private'),
(134, 'gorey educate together ns', '0539489662', '', 'info@goreyeducatetogether.ie', '', 'kilnahue lane', 'carnew road', '', 'gorey', 'wexford', 'ireland', '', 'school', '2000-01-01', 'trade'),
(135, 'granstown priory scheme', '', '', '', '', 'grantstown', '', '', 'wellington bridge', 'wexford', 'ireland', '', '', '2000-01-01', 'trade'),
(136, 'grantstown day care centre', '', '', '', '', '', '', '', 'wexford', '', 'ireland', '', '', '2000-01-01', 'trade'),
(137, 'grove court', '', '', 'marian.glynn@hse.ie', '', 'grove road', '', '', 'blanchardstown', 'dublin 17', 'ireland', '', 'care centre', '2000-01-01', 'trade'),
(138, 'grove house', '0214927942', '', '', '', 'st. mary''s orthopaedic hospital', '', '', 'gurranabraher', 'cork', 'ireland', '', '', '2000-01-01', 'trade'),
(139, 'h.s.e. north east area', '0494361800', '', '', '', 'local health office', '', '', 'lisdarn', 'cavan', 'ireland', '', '', '2000-01-01', 'trade'),
(140, 'hacketstown national school', '', '', '', '', '', '', '', 'hacketstown', 'carlow', 'ireland', '', '', '2000-01-01', 'trade'),
(141, 'hazel hall nursing home', '', '', 'pauline.travers@hse.ie', '', 'prosperous', 'co kildare', '', 'cork', 'cork', 'ireland', '', '', '2000-01-01', 'trade'),
(142, 'headway', '0214871303', '', 'ocallaghanp@headway.ie', '', 'unit 3b', 'link road business park', '', '', 'cork', 'ireland', '', '', '2000-01-01', 'trade'),
(143, 'healthy living centre', '', '', '', '', 'hospital grounds', '', '', 'new ross', 'wexford', 'ireland', '', '', '2000-01-01', 'trade'),
(144, 'highfield hospital', '', '', 'eustace@highfieldhaelthcare.ie', '', '4 bedwards', 'swords rd', '', 'whitehall, d10', 'dublin', 'ireland', '', '', '2000-01-01', 'trade'),
(145, 'holy angels day care centre', '0599143911', '', 'sharon@theholyangels.org', '', 'strawhall industrial est', '', '', 'carlow', 'carlow', 'ireland', '', 'residential home', '2000-01-01', 'trade'),
(146, 'holy family school', '0495552257', '', 'holyfamilysch.ias.@eircom.net', '495556150', 'old bridge road', '', '', 'cootehill', 'cavan', 'ireland', '', 'education', '2000-01-01', 'trade'),
(147, 'hse', '', '', '', '', 'rathcoole', '', '', 'fethard', 'tipperary', 'ireland', '', '', '2000-01-01', 'trade'),
(148, 'hse - n.w.a.', '', '', '', '', '', '', '', 'falcarragh', 'donegal', 'ireland', '', '', '2000-01-01', 'trade'),
(149, 'hse department', '', '', '', '', 'ot dept', 'naas vista house', 'ballymore rd', 'naas', 'kildare', 'ireland', '', '', '2000-01-01', 'trade'),
(150, 'hse letterkenny', '0749123501', '', 'anne.drake@hse.ie', '', '', '', '', 'letterkenny', 'donegal', 'ireland', '', '', '2000-01-01', 'trade'),
(151, 'hse ofalia house', '0469731285', '', 'ofaliahouse@hse.ie', '', 'st mary''s road', '', '', 'edenderry', 'offaly', 'ireland', '', '', '2000-01-01', 'trade'),
(152, 'hse stores letterkenny', '0749123501', '', 'anne.drake@hse.ie', '', 'lisnennan', '', '', 'letterkenny', 'donegal', 'ireland', '', '', '2000-01-01', 'trade'),
(153, 'i.w.a - south tipperary', '', '0872050869', 'donald.campbell@iwa.ie', '', '(ref johns court, the steeples)', 'brodeen', 'cashel rd', 'tipperary town', 'tipperary', 'ireland', '', 'private house', '2016-08-10', 'trade'),
(154, 'i.w.a.', '0876949083', '', '', '667117657', '', 'ballygoluge rd.', '', 'listowel', 'kerry', 'ireland', '', 'residential home', '2000-01-01', 'trade'),
(155, 'imnda', '', '', 'thutchin@imnda.ie', '', 'turvey cottages', 'coleraine house', 'coleraine street', 'dublin 7', 'dublin', 'ireland', '', '', '2000-01-01', 'trade'),
(156, 'inchicore community nursing unit', '', '', '', '', 'therapy room - ground floor', '', '', 'inchicore', 'dublin', 'ireland', '', 'hospital', '2000-01-01', 'trade'),
(157, 'iniscealtra national school', '', '', '', '', '', '', '', 'mountshannon', 'clare', 'ireland', '', 'education', '2000-01-01', 'trade'),
(158, 'irish wheelchair assoc', '', '', '', '', '30 westbourne', 'watery road', '', 'ennis', 'clare', 'ireland', '', '', '2000-01-01', 'trade'),
(159, 'irish wheelchair association', '', '', '', '18531256', 'black heath drive', 'clontarf', '', 'dublin 3', 'dublin', 'ireland', '', '', '2000-01-01', 'trade'),
(160, 'irish wheelchair association/lucan', '', '', '', '', '', 'londonbridge road', 'irishtown', 'dublin 4', 'dublin', 'ireland', '', 'independent living', '2000-01-01', 'trade'),
(161, 'jd contracting', '', '0868142211', '', '', '7 melrose gardens', '', '', 'clondalkin', 'dublin', 'ireland', '', 'contractor', '2000-01-01', 'trade'),
(162, 'journey man centre', '', '', 'heatherlynchjournyman@gmail.com', '', 'ballynagarra', '', '', 'carrick on suir', 'tipperary', 'ireland', '', 'health sector', '2000-01-01', 'trade'),
(163, 'kanturk community hospital', '', '0872066643', 'margaretb.fitzgerald@hse.ie', '2951292', '', '', '', 'kanturk', 'cork', 'ireland', '', '', '2000-01-01', 'trade'),
(164, 'kenmare community unit', '0646641088', '', 'margaret.osullivan7@hse.ie', '', 'room 18 downstairs', '', '', 'kenmare', 'kerry', 'ireland', '', '', '2000-01-01', 'trade'),
(165, 'kerry co co , listowel', '', '', '', '', '11 stokers place', 'jb keane road', '', 'listowel', 'kerry', 'ireland', '', '', '2000-01-01', 'trade'),
(166, 'kilbeheny national school', '', '0862122236', 'kilbehennyns@hotmail.com', '', '', '', '', 'mitchelstown', 'cork', 'ireland', '', 'education', '2000-01-01', 'trade'),
(167, 'kildysart national school', '0656832477', '0879305804', 'kildysartns.ias@eircom.net', '', '', '', '', 'kildysart', 'clare', 'ireland', '', 'school', '2000-01-01', 'trade'),
(168, 'kilfinnane national school', '', '', '', '', '', '', '', 'kilfinnane', 'limerick', 'ireland', '', 'education', '2000-01-01', 'trade'),
(169, 'kilkenny community services', '0567725812', '0863334326', '', '', 'westcourt', '', '', 'callan', 'kilkenny', 'ireland', '', 'end customer', '2000-01-01', 'private'),
(170, 'killahan national school', '0667135644', '', 'doyg@eircom.net', '', 'abbeydorney', '', '', 'tralee', 'kerry', 'ireland', '', '', '2000-01-01', 'trade'),
(171, 'killarney community college', '0646632164', '', 'kccccom@iol.ie', '646632178', 'new road', '', '', 'killarney', 'kerry', 'ireland', '', '', '2000-01-01', 'trade'),
(172, 'killarney nursing home', '', '', 'kccccom@iol.ie', '', '', '', '', 'killarney', 'kerry', 'ireland', '', '', '2000-01-01', 'trade'),
(173, 'killcreene regional orthopaedic hospital', '0567785005', '', 'barry.mccauley@hse.ie', '', 'children''s disability unit', '', '', 'kilkenny', 'kilkenny', 'ireland', '', '', '2000-01-01', 'trade'),
(174, 'kinsale community hospital', '0214772202', '', 'nualaoreily@hse.ie', '', '', '', '', 'kinsale', 'cork', 'ireland', '', 'hospital', '2000-01-01', 'trade'),
(175, 'knockanure national school', '', '', '', '', 'moyvane', '', '', 'listowel', 'kerry', 'ireland', '', '', '2000-01-01', 'trade'),
(176, 'kolbe special school', '', '', '', '', 'portlaoise', '', '', 'portlaoise', 'laois', 'ireland', '', '', '2000-01-01', 'trade'),
(177, 'laragh national school', '0238843313', '', 'laraghns.ias@eircom.net', '', '', '', '', 'bandon', 'cork', 'ireland', '', '', '2000-01-01', 'trade'),
(178, 'laurel lodge', '', '', '', '', 'templemichael glebe', '', '', 'longford', 'longford', 'ireland', '', '', '2000-01-01', 'trade'),
(179, 'letterkenny institute of technology', '0749186112', '', 'ann.brennan@lyit.ie', '', 'port road', '', '', 'letterkenny', 'donegal', 'ireland', '', '', '2000-01-01', 'trade'),
(180, 'letterkenny leisure centre', '', '', '', '', '', 'sallaghagrane', '', 'letterkenny', 'donegal', 'ireland', '', 'leisure', '2000-01-01', 'trade'),
(181, 'limerick regional hospital', '', '', 'bernard.ryan@hse.ie', '', 'dooradoyle', '', '', 'navan', 'co meath', 'ireland', '', 'hospital', '2000-01-01', 'trade'),
(182, 'linda mccarthy', '', '0861613140', 'lindamccarthy@live.ie', '', 'derrygrath', '', '', 'clonmel', 'tipperary', 'ireland', '', 'private house', '2016-10-20', 'private'),
(183, 'lisdarn cnu (cavan gen hosp)', '0494362333', '0866006238', '', '', 'lisdarn unit for the elderly', '', '', 'cavan', 'cavan', 'ireland', '', 'residential home', '2016-09-07', 'trade'),
(184, 'lisdarn residential unit', '0494362333', '0866006238', 'bernadettek.mcmallet@hse.ie', '', 'cavan hospital', '', '', 'cavan', 'cavan', 'ireland', '', 'residential home', '2000-01-01', 'trade'),
(185, 'little angels school', '0749122456', '0868375812', '', '', 'knocknamona', '', '', 'letterkenny', 'donegal', 'ireland', '', 'education', '2000-01-01', 'trade'),
(186, 'long lane letterkenny', '', '', '', '', 'ballytrim house', '', '', 'raphoe', 'donegal', 'ireland', '', '', '2000-01-01', 'trade'),
(187, 'longford swimming pool', '', '', '', '', '', '', '', 'longford', 'longford', 'ireland', '', '', '2000-01-01', 'trade'),
(188, 'loretto secondary school', '0567765132', '', 'principal@lorrettokk.ie', '', 'granges road', '', '', 'kilkenny', 'kilkenny', 'ireland', '', 'education', '2000-01-01', 'trade'),
(189, 'loughrea community nursing unit', '', '', 'bernie.austin@hse.ie', '', 'crannogs,room7', '', '', 'loughrea', 'galway', 'ireland', '', 'hospital', '2000-01-01', 'trade'),
(190, 'loughrea court house', '', '', 'weasternro@corksourts.ie', '', '', '', '', 'loughrea', 'galway', 'ireland', '', '', '2000-01-01', 'trade'),
(191, 'lyreacrompane ns', '', '', '', '', '', '', '', 'listowel', 'kerry', 'ireland', '', 'education', '2000-01-01', 'trade'),
(192, 'macroom community hospital', '', '', 'Bernie.Buckley@hse.ie', '', '', '', '', 'macroom', 'cork', 'ireland', '', 'community hospital', '2000-01-01', 'trade'),
(193, 'magh ene college', '', '', '', '', '', '', '', 'bundoran', 'donegal', 'ireland', '', '', '2000-01-01', 'trade'),
(194, 'masonic hall', '', '', '', '', 'castle street', '', '', 'dalkey', 'dublin', 'ireland', '', '', '2000-01-01', 'trade'),
(195, 'maynooth community care centre', '', '', 'nuala.nolan@hse.ie', '16106360', 'fitzgerald ward room 33', '', '', 'maynooth', 'kildare', 'ireland', '', '', '2000-01-01', 'trade'),
(196, 'meadow high school', '', '', '', '', 'royal lane', 'hillingdon', '', 'london', 'middlesex', 'ireland', '', '', '2000-01-01', 'trade'),
(197, 'meath county council', '0469097269', '', 'ttraynor@meathcoco.ie', '', '(for ryan and justin mongan)', '43 ashbrook', '', 'navan', 'meath', 'ireland', '', 'private house', '2016-11-18', 'trade'),
(198, 'meath hospital', '', '', 'pamala.emnis@hse.ie', '', 'o.t. room', 'heytesbury street', 'dublin 8', 'dublin', '', 'ireland', '', '', '2000-01-01', 'trade'),
(199, 'mercy hospital', '0214271971', '', 'thamilton@muh.ie', '', 'childrens ward', '4th floor', '', 'cork', 'cork', 'ireland', '', '', '2015-07-27', 'trade'),
(200, 'merlin park hospital', '', '0876159891', 'alan.corcoran@hse.ie', '', 'unit 10a seating clinic', '', '', 'galway', 'galway', 'ireland', '', 'hospital', '2000-01-01', 'trade'),
(201, 'mid western regional hosptial', '', '', 'bernard.ryan@hse.ie', '', 'assisted bathroom', 'room 52', '', 'limerick', '', 'ireland', '', '', '2000-01-01', 'trade'),
(202, 'middleton community hospital', '0214635300', '', 'katherine.duran@hse.ie', '', '', '', '', 'middleton', 'cork', 'ireland', '', 'end customer', '2000-01-01', 'trade'),
(203, 'midleton community hospital', '0214635300', '', 'katherine.duran@hse.ie', '', 'st. rita''s room', 'st. catherine''s ward', '', 'middleton', 'cork', 'ireland', '', 'end customer', '2000-01-01', 'trade'),
(204, 'midway services', '', '', 'yburd@midwayservices.ie', '469282014', 'clima hall', 'oldcastle road', '', 'kells', 'meath', 'ireland', '', 'health sector', '2000-01-01', 'trade'),
(205, 'milford care centre', '', '', '', '', 'plassey park road', '', '', 'castletroy', 'limerick', 'ireland', '', 'residential home', '2000-01-01', 'trade'),
(206, 'millbrook day centre', '0539233419', '', '', '', 'enniscorthy (skills room)', '', '', 'enniscorthy', 'wexford', 'ireland', '', '', '2000-01-01', 'trade'),
(207, 'millhouse care centre', '', '0872609289', 'info@millhousecarecentre.com', '', 'newtown', 'cummons', '', 'newross', 'wexford', 'ireland', '', 'residential home', '2000-01-01', 'trade'),
(208, 'millstreet community school', '', '', '', '2970179', '', '', '', 'millstreet', 'cork', 'ireland', '', '', '2000-01-01', 'trade'),
(209, 'milltown national school', '0499522802', '', '', '', '', '', '', 'belturbet', 'cavan', 'ireland', '', 'school', '2000-01-01', 'trade'),
(210, 'monastery cbs primary school', '', '', 'moncbstipperary@eircom.net', '', 'st patricks avenue', '', '', 'tipperary town', 'tipperary', 'ireland', '', 'school', '2000-01-01', 'trade'),
(211, 'moorehaven centre', '', '', '', '6233566', 'o''brien street', '', '', 'tipperary', 'tipperary', 'ireland', '', '', '2000-01-01', 'trade'),
(212, 'mortuarty - connolly hospital', '', '', 'dermot.duke@hse.ie', '', 'blanchardstown', '', '', 'dublin 15', 'dublin', 'ireland', '', '', '2000-01-01', 'trade'),
(213, 'mount alvernia hospital', '', '', 'garrett.hayes@hse.ie', '', '', '', '', 'mallow', 'cork', 'ireland', '', '', '2000-01-01', 'trade'),
(214, 'muckross park college', '', '', '', '', 'donnybrock', '', '', 'dublin', 'dublin', 'ireland', '', 'end customer', '2000-01-01', 'trade'),
(215, 'musgrave park hospital', '', '', '', '4890902222', 'regional aquired brain injury unit', 'bt9 7jb', '', 'belfast', 'antrim', 'ireland', '', 'hospital', '2000-01-01', 'trade'),
(216, 'nano nagle school', '', '', '', '', '', '', '', 'listowel', 'kerry', 'ireland', '', 'school', '2000-01-01', 'trade'),
(217, 'national aquatic centre', '', '0860429881', '', '', 'snugborough road', 'blanchardstown', '', 'dublin 15', 'dublin', 'ireland', '', '', '2000-01-01', 'trade'),
(218, 'national learning network', '', '', 'clonmel@ntdi.ie', '5281521', 'roseville', 'western rd', '', 'clonmel', 'tipperary', 'ireland', '', 'health sector', '2000-01-01', 'trade'),
(219, 'national rehab hospital', '', '0862611592', 'jasonfarrell@nrh.ie', '', 'st. gabriels ward', 'rochestown avenue', '', 'dun laoghaire', 'dublin', 'ireland', '', 'hospital', '2000-01-01', 'trade'),
(220, 'navan community hospital', '0469078500', '', '', '', 'beaufort house', '144', '', 'navan', 'meath', 'ireland', '', '', '2015-07-10', 'trade'),
(221, 'navan road primary care centre', '', '', 'micheal.madden@hse.ie', '', 'school for the deaf campus', '', '', 'dublin 7', 'dublin', 'ireland', '', 'care centre', '2000-01-01', 'trade'),
(222, 'nenagh general hospital', '', '', 'mmoloney@mwhb.ie', '', '', '', '', 'nenagh', 'tipperary', 'ireland', '', 'hospital', '2000-01-01', 'trade'),
(223, 'new haughton hospital', '', '', 'beryl.mckee@hse.ie', '', 'day care centre', '', '', 'new ross', 'wexford', 'ireland', '', 'hospital', '2000-01-01', 'trade'),
(224, 'new haughton hospital01/12/2014', '', '', 'beryl.mckee@hse.ie', '', 'ground floor', 'dunbrody ward', '', 'new ross', 'wexford', 'ireland', '', 'hospital', '2000-01-01', 'trade'),
(225, 'new haughton hospital-duplicate', '', '', 'beryl.mckee@hse.ie', '', 'ward 5', '', '', 'new ross', 'wexford', 'ireland', '', 'hospital', '2000-01-01', 'trade'),
(226, 'newbridge respite centre', '', '0872790430', '', '', '356 strand house road', '', '', 'newbridge', 'kildare', 'ireland', '', 'residential home', '2000-01-01', 'trade'),
(227, 'newgrove housing association', '', '', 'ABIGalway@rehabcare.ie', '', 'rehab care', '24 heather grove', '', 'ballybane', 'galway', 'ireland', '', 'residential home', '2000-01-01', 'trade'),
(228, 'newpark school', '', '', 'info@newparkschool.ie', '12881250', 'newtownpark ave', 'blackrock', '', 'dublin', 'dublin', 'ireland', '', 'school', '2000-01-01', 'trade'),
(229, 'newpark school sports centre', '', '', 'info@newparkschool.ie', '', 'newtown park ave', '', '', 'blackrock', 'dublin', 'ireland', '', '', '2000-01-01', 'trade'),
(230, 'newport daycare centre', '', '0863569340', 'newportdcc@outlook.ie', '', 'church rd', '', '', 'newport', 'tipperary', 'ireland', '', 'residential home', '2000-01-01', 'trade'),
(231, 'newtownmountkennedy primary school', '', '', '', '', 'newtownmountkennedy', 'juniorschool - room 3', '', '', 'wicklow', 'ireland', '', '', '2000-01-01', 'trade'),
(232, 'no longer in use', '', '0872525592', '', '', '40 glenlawn drive', 'cabinteely', '', 'dublin 18', 'dublin', 'ireland', '', 'end customer', '2000-01-01', 'private'),
(233, 'ns cnoc na manach', '0214887272', '0877786620', 'minanebridgens.ias@eircom.net', '', '', '', '', 'minane bridge', 'cork', 'ireland', '', 'education', '2000-01-01', 'trade'),
(234, 'oaklee house', '', '', '', '4890331167', 'springfield ave', 'house 7', '', 'belfast', 'antrim', 'ireland', '', 'residential home', '2000-01-01', 'trade'),
(235, 'oaklodge nursing home', '0214646080', '0872366498', 'ossice@oaklodgenursinghome.ie', '', 'churchtown south', '', '', 'cloyne', 'cork', 'ireland', '', 'residential home', '2000-01-01', 'trade'),
(236, 'o''connell primary school', '', '', '', '', 'north richmond street', '', 'dublin', 'north circular rd', 'dublin', 'ireland', '', '', '2000-01-01', 'trade'),
(237, 'o''connor bros funeral home', '', '', '', '', 'north gate bridge', '', '', 'shanakiel', 'cork', 'ireland', '', '', '2000-01-01', 'trade'),
(238, 'ofalia house', '0469731285', '', '', '', 'room 12', '', '', 'edenderry', 'offaly', 'ireland', '', 'community hospital', '2016-12-18', 'trade'),
(239, 'offally co.co.', '', '', '', '', 'tinnymuck', '', '', 'moate', 'westmeath', 'ireland', '', '', '2000-01-01', 'trade'),
(240, 'orange blossom cottage', '', '', 'christina.drainey@foldgroup.co.uk', '2838399813', 'knockeadan', 'gildford park', '', 'portadown', 'armagh', 'ireland', '', 'residential home', '2000-01-01', 'trade'),
(241, 'our lady''s girl''s national school', '', '', '', '', '', '', '', 'rathdrum', 'wicklow', 'ireland', '', '', '2000-01-01', 'trade'),
(242, 'our lady''s hospital', '', '', '', '', '', '', '', 'cashel', 'tipperary', 'ireland', '', '', '2000-01-01', 'trade'),
(243, 'our lady''s hospital for sick children', '', '', '', '4558873', '', '', '', 'crumlin', 'dublin', 'ireland', '', 'hospital', '2000-01-01', 'trade'),
(244, 'parents & friends stranorlar', '0749131038', '', 'marie.aiken@hse.ie', '', 'house 3 ard greine', 'mullindrait', '', 'stranorlar', 'donegal', 'ireland', '', 'residential home', '2000-01-01', 'trade'),
(245, 'patricia brett', '', '', '', '', '1 whitewood', '', '', 'kilkenny', 'kilkenny', 'ireland', '', 'private house', '2016-02-11', 'trade'),
(246, 'peamount hosp newcastle', '', '', '', '', '', '', '', 'newcastle', 'dublin', 'ireland', '', 'hospital', '2000-01-01', 'trade'),
(247, 'physical & sensory disability services', '', '', '', '', 'bayview respite house', '', '', 'tullyhan', 'leitrim', 'ireland', '', 'respite home', '2000-01-01', 'trade'),
(248, 'pier mont house hostel', '0879521388', '', 'yvoone.huston@hse.ie', '', 'teach piemount', 'church road', 'sitting room', 'dungloe', 'donegal', 'ireland', '', 'residential home', '2000-01-01', 'trade'),
(249, 'pier mont house hostel.', '0779521388', '', 'yvoone.huston@hse.ie', '', 'teach piemount', 'church road', 'bathroom', 'dungloe', 'donegal', 'ireland', '', 'blank', '2000-01-01', 'trade'),
(250, 'piermount house', '', '', 'yvoone.huston@hse.ie', '', 'pool road', 'meenmore', '', 'dungloe', 'donegal', 'ireland', '', '', '2000-01-01', 'trade'),
(251, 'pobal scoil inbhear sceine', '', '0879272293', '', '', '', '', '', 'kenmare', 'kerry', 'ireland', '', '', '2000-01-01', 'trade'),
(252, 'pontville school', '', '', '', '', 'black moss lane', 'ormskirk', '', '', 'lancashire', 'ireland', '', '', '2000-01-01', 'trade'),
(253, 'portmagee national school', '0669477211', '0872239933', 'portmageens@gmail.com', '', '', '', '', 'portmagee', 'kerry', 'ireland', '', 'education', '2000-01-01', 'trade'),
(254, 'portmarnoch community school', '', '', 'office@portcs.iol.ie', '', '', '', '', 'dublin', 'dublin', 'ireland', '', '', '2000-01-01', 'trade'),
(255, 'pre-school ballaghderg', '0749121596', '', 'katherinemary.kelly@hse.ie', '749103340', 'day care centre', 'ballaghderg, mountain top', '', 'letterkenny', 'donegal', 'ireland', '', 'education', '2000-01-01', 'trade'),
(256, 'presentation secondary school', '', '', 'info@presgalway.ie', '', '', '', '', 'listowel', 'kerry', 'ireland', '', '', '2000-01-01', 'trade'),
(257, 'rainbow view', '0719167321', '', '', '', '', 'cloonmahon', '', 'collooney', 'sligo', 'ireland', '', 'residential home', '2000-01-01', 'trade'),
(258, 'raphoe central national school', '0749145361', '', '', '', 'lisnoble', 'manse', '', 'raphoe', 'donegal', 'ireland', '', 'education', '2000-01-01', 'trade'),
(259, 'rathakevin nursing home', '', '', '', '', 'barna', 'cahir road', '', 'clonmel', 'tipperary', 'ireland', '', 'residential home', '2000-01-01', 'trade'),
(260, 'rathdrum boys national school', '', '', 'bnsrathdrum@gmail.com', '', 'rathdrum', '', '', 'rathdrum', 'wicklow', 'ireland', '', 'school', '2017-01-11', 'trade'),
(261, 'ratoath independent living', '', '', '', '', '', 'tankerstown', '', 'rathooth', 'meath', 'ireland', '', 'blank', '2000-01-01', 'trade'),
(262, 'redwood care facility', '', '', '', '', '', '', '', 'stamullen', 'meath', 'ireland', '', '', '2000-01-01', 'trade'),
(263, 'rehab care', '', '', 'jonna.goranson@rehabcare.ie', '', '1 connels road', '', '', 'nenagh', 'tipperary', 'ireland', '', 'health sector', '2000-01-01', 'trade'),
(264, 'rehabcare', '', '', '', '', 'the meadows', 'athlumney', '', 'navan', 'meath', 'ireland', '', '', '2000-01-01', 'trade'),
(265, 'residential unit,', '0719841952', '', '', '', 'main st', 'inbhear na mara', '', 'bundoran', 'donegal', 'ireland', '', 'residential home', '2000-01-01', 'trade'),
(266, 'riada house', '0579359985', '', 'audreykwright@hse.ie', '', 'community nursing unit', 'day care centre', 'room 24 shower room', 'tullamore', 'offaly', 'ireland', '', '', '2000-01-01', 'trade'),
(267, 'ringaskiddy national school', '0214378238', '', 'ringaskiddyns@eircom.net', '', '', '', '', 'ringaskiddy', 'cork', 'ireland', '', '', '2000-01-01', 'trade'),
(268, 'rip', '0567727764', '0876233296', '', '', 'wooden grange', '', '', 'bennitsbridge', 'kilkenny', 'ireland', '', '', '2000-01-01', 'private'),
(269, 'rivendell house', '0539120083', '', '', '', 'karen o leary/teresa duffy', '', 'kitestown', 'crossabeg', 'wexford', 'ireland', '', '', '2017-01-13', ''),
(270, 'rockwell college', '', '', '', '', '', '', '', 'cashel', 'tipperary', 'ireland', '', 'education', '2000-01-01', 'trade'),
(271, 'roscare social housing', '0949620524', '0906628502', 'toconnor@roscommon.brothersofcharity.ie', '', 'srah', 'ballinlough', '', 'castlerea', 'roscommon', 'ireland', '', 'residential home', '2000-01-01', 'trade'),
(272, 'rose construction', '0214502586', '', '', '', 'maglin road', '', '', 'ballincollig', 'cork', 'ireland', '', '', '2000-01-01', 'trade'),
(273, 'rowanberry day centre', '0578662160', '0866012188', '', '', 'block road', '', '', 'portlaoise', 'laois', 'ireland', '', 'other', '2000-01-01', 'trade'),
(274, 'royal prior school', '0749145389', '', '', '', '', '', '', 'raphoe', 'donegal', 'ireland', '', 'education', '2000-01-01', 'trade'),
(275, 'royal secondary school', '0749145389', '', '', '', 'raphoe', '', '', 'lifford', 'donegal', 'ireland', '', 'education', '2000-01-01', 'trade'),
(276, 's.e.h.b. o.t. dept.', '', '0876296462', '', '', 'kickhamarch', 'davis road', '', 'clonmel', 'tipperary', 'ireland', '', 'hospital', '2000-01-01', 'trade'),
(277, 'sacred heart convent', '', '', 'financebreda@gmail.com', '', 'new site', 'bessboro', '', 'blackrock', 'cork', 'ireland', '', '', '2000-01-01', 'trade'),
(278, 'sacred heart nursing home', '', '', '', '', 'roslea road', '', '', 'clones', 'monaghan', 'ireland', '', 'nursing home', '2000-01-01', 'trade'),
(279, 'sacred heart school', '', '', '', '', 'sacred heart centre', '', '', 'ladies lane', 'waterford', 'ireland', '', 'education', '2000-01-01', 'trade'),
(280, 'san joseph', '', '0879368088', '', '', 'ballysimon road', '', '', 'limerick city', 'limerick', 'ireland', '', 'health sector', '2000-01-01', 'trade'),
(281, 'sandymount school', '', '', '', '', 'sandymount avenue', '', '', 'dublin', 'dublin', 'ireland', '', '', '2000-01-01', 'trade'),
(282, 'schull community college', '', '', 'office@schullcommunitycollege.com', '', 'colla road', '', '', 'schull', 'cork', 'ireland', '', '', '2000-01-01', 'trade'),
(283, 'scoil aonghusa', '', '', 'collette@scoilaonghusa.ie', '', 'cahir road', '', '', 'cashel', 'tipperary', 'ireland', '', '', '2000-01-01', 'trade'),
(284, 'scoil chormaic', '', '', 'scoilcormac@eircom.net', '', 'therapy room', 'golden rd', '', 'cashel', 'tipperary', 'ireland', '', '', '2000-01-01', 'trade'),
(285, 'scoil chriost ri', '', '', '', '', '', '', '', 'portlaoise', 'laois', 'ireland', '', '', '2000-01-01', 'trade'),
(286, 'scoil chronain naofa', '', '', '', '', 'dromakernan', '', '', 'roscrea', 'tipperary', 'ireland', '', '', '2000-01-01', 'trade'),
(287, 'scoil cormac', '', '', 'scoilcormac@eircom.net', '6261338', 'golden rd', '', '', 'cashel', 'tipperary', 'ireland', '', 'school', '2000-01-01', 'trade'),
(288, 'scoil eoin baiste', '0749155132', '', '', '', '', '', '', 'carrigart', 'donegal', 'ireland', '', 'education', '2000-01-01', 'trade'),
(289, 'scoil mhuire', '0719633223', '', '', '', 'convent of mercy', '', '', 'strokestown', 'roscommon', 'ireland', '', 'school', '2000-01-01', 'trade'),
(290, 'sean chara nursing home', '', '', '', '', 'st canice road', '', '', 'glasnevin', 'dublin', 'ireland', '', '', '2000-01-01', 'trade'),
(291, 'sean hanafin 2', '0669151444', '', '', '', 'beenbawn', '', '', 'dingle', 'kerry', 'ireland', '', '', '2000-01-01', 'trade'),
(292, 'sean tracey memorial swimming pool', '', '', '', '', '', '', '', 'tipperary', 'tipperary', 'ireland', '', 'swimming pool', '2000-01-01', 'trade'),
(293, 'sean tracey memorial swimmingpool', '', '', '', '', '', '', '', 'tipperary', 'tipperary', 'ireland', '', '', '2015-07-09', 'trade'),
(294, 'seancara nursing home', '', '', '', '18373770', 'st. canice road, off ballygall road east', 'glasnevin', '', 'dublin 11', 'dublin', 'ireland', '', 'residential home', '2000-01-01', 'trade'),
(295, 'sea-view house', '0749735925', '', '', '', '', '', '', 'mountcharles', 'donegal', 'ireland', '', 'residential home', '2000-01-01', 'trade'),
(296, 'sister of mercy', '', '', '', '', 'st. leo''s convent', '', '', 'carlow', 'carlow', 'ireland', '', 'residential home', '2000-01-01', 'trade'),
(297, 'sisters of african mission convent', '0214291851', '', '', '', 'ardfoyle', '', '', 'ballintemple', 'cork', 'ireland', '', '', '2000-01-01', 'trade'),
(298, 'sisters of mercy', '0238833391', '', '', '', 'aras muire', 'mccurtin hill', 'scartagh', 'clonakilty', 'cork', 'ireland', '', '', '2000-01-01', 'trade'),
(299, 'sisters of the african mission convent', '', '', '', '', 'ardfoyle', 'ballintemple', '', 'cork', '', 'ireland', '', '', '2000-01-01', 'trade'),
(300, 'sjog', '', '', '', '', 'paddock lane', 'old long hill', '', 'enniskerry', 'wicklow', 'ireland', '', '', '2000-01-01', 'trade'),
(301, 'sligo courthouse', '', '', '', '', '', '', '', 'sligo', 'sligo', 'ireland', '', '', '2000-01-01', 'trade'),
(302, 'sodexo - nagle rice complex', '', '0878667877', '', '', 'borris road', '', '', 'portlaoise', 'laois', 'ireland', '', 'school', '2000-01-01', 'trade'),
(303, 'sophia housing', '', '', '', '', 'house 3', '', '', 'tubbercurry', 'sligo', 'ireland', '', '', '2000-01-01', 'trade'),
(304, 'southwestmeath hospice', '', '', '', '', 'athlone hospital', '', '', 'athlone', 'westmeath', 'ireland', '', '', '2000-01-01', 'trade'),
(305, 'special care unit', '0469074808', '', '', '', '', '', '', 'navan', 'meath', 'ireland', '', 'hospital', '2000-01-01', 'trade'),
(306, 'st mary''s phoenix park', '', '', '', '16250452', 'st mary''s', 'phoenix park', '', 'phoenix park', 'dublin', 'ireland', '', 'hospital', '2000-01-01', 'trade'),
(307, 'st brogan''s college', '', '', '', '', 'bandon', '', '', 'bandon', 'cork', 'ireland', '', 'end customer', '2015-09-29', 'trade'),
(308, 'st catherines special school', '0879098808', '', '', '', 'killmullen lane', 'newcastle', '', 'newcastle', 'wicklow', 'ireland', '', 'education', '2000-01-01', 'trade'),
(309, 'st colmcille''s boys national school', '', '', 'colmcilles@gmail.com', '', 'chapel lane', '', '', 'swords', 'dublin', 'ireland', '', 'school', '2016-11-26', ''),
(310, 'st columba''s girls nat school', '', '', '', '', '', '', '', 'douglas', 'cork', 'ireland', '', '', '2000-01-01', 'trade'),
(311, 'st conleth''s national school', '0469553940', '', 'principal@stconlethsns.ie', '', '', '', '', 'derrinturn', 'kildare', 'ireland', '', 'school', '2000-01-01', 'trade'),
(312, 'st cronan''s boys n.s.', '', '', '', '', 'vevay crescent', 'vevay road', '', 'bray', 'wicklow', 'ireland', '', '', '2000-01-01', 'trade'),
(313, 'st fanahans college', '', '', '', '', 'mitchelstown', '', '', 'mitchelstown', 'cork', 'ireland', '', 'school', '2000-01-01', 'trade'),
(314, 'st fergals senior school', '', '', '', '', '', '', '', 'bray', 'wicklow', 'ireland', '', '', '2000-01-01', 'trade'),
(315, 'st francis hospice', '', '0860403617', 'wmaguire@sfh.ie', '', 'blanchardstown', '', '', 'dublin 15', 'dublin', 'ireland', '', '', '2000-01-01', 'trade'),
(316, 'st joseph''s community hospital', '', '', '', '', '', '', '', 'millstreet', 'cork', 'ireland', '', 'community hospital', '2000-01-01', 'trade'),
(317, 'st joseph''s hospital', '', '', '', '', '', '', '', 'raheny', 'dublin', 'ireland', '', '', '2000-01-01', 'trade'),
(318, 'st joseph''s national school', '', '', '', '', '', '', '', 'longford', '', 'ireland', '', '', '2000-01-01', 'trade'),
(319, 'st joseph''s primary school', '', '0879752437', 'principal@stjosephsprimaryvi.ie', '', 'grace park', '', '', 'drumcondra', 'dublin', 'ireland', '', 'school', '2000-01-01', 'trade'),
(320, 'st mary''s boys national school', '', '', '', '', 'grotto avenye', '', '', 'booterstown', 'dublin', 'ireland', '', 'school', '2000-01-01', 'trade'),
(321, 'st mary''s hospital', '', '', '', '', 'room 19', 'connell ward', '', 'dublin', 'dublin', 'ireland', '', '', '2000-01-01', 'trade'),
(322, 'st mary''s phoenix park', '', '', 'micheal.madden@hse.ie', '16250452', 'physio room', 'phoenix park', '', 'phoenix park', 'dublin', 'ireland', '', 'hospital', '2000-01-01', 'trade'),
(323, 'st marys secondary school', '', '', '', '', 'thomas davis street', '', '', 'mallow', 'cork', 'ireland', '', 'school', '2000-01-01', 'trade'),
(324, 'st mary''s secondary school', '', '', '', '', 'thomas david', '', '', 'birr', 'offaly', 'ireland', '', '', '2015-07-30', 'trade'),
(325, 'st mc cartans n.s.', '0719841711', '', '', '', '', '', '', 'bundorn', 'donegal', 'ireland', '', 'education', '2000-01-01', 'trade'),
(326, 'st oliver plunkett national school', '', '', '', '', '', '', '', 'navan', 'meath', 'ireland', '', '', '2000-01-01', 'trade'),
(327, 'st oliver''s school', '', '', '', '', '', '', '', 'ballyvolane', 'cork', 'ireland', '', '', '2000-01-01', 'trade'),
(328, 'st patrick national school', '0909627109', '0852447660', '', '', 'st patrick national school', 'killtormer', '', 'ballinasloe', 'galway', 'ireland', '', 'education', '2000-01-01', 'trade'),
(329, 'st patrick''s community hospital', '', '', '', '', '', '', '', 'fermoy', 'cork', 'ireland', '', '', '2000-01-01', 'trade'),
(330, 'st patrick''s community hospital fermoy', '', '', '', '', '', '', '', 'fermoy', 'cork', 'ireland', '', 'hospital', '2000-01-01', 'trade'),
(331, 'st philomena''s national school', '', '0868032525', '', '', '', 'ravenswell', '', 'bray', 'wicklow', 'ireland', '', 'education', '2000-01-01', 'trade'),
(332, 'st raphael''s', '', '', '', '', '(oakvale)', '', '', 'youghal', 'cork', 'ireland', '', 'residential home', '2000-01-01', 'trade'),
(333, 'st raphael''s hospital', '', '', '', '', 'oakvale', 'bungalow a room 5', '', 'youghal', 'cork', 'ireland', '', 'care centre', '2000-01-01', 'trade'),
(334, 'st senna national school', '0876147377', '', '', '', '', '', '', 'kilrush', 'clare', 'ireland', '', 'education', '2000-01-01', 'trade'),
(335, 'st vincents hospital', '', '', '', '', 'st theresa''s', '', '', 'mountmellick', 'laois', 'ireland', '', 'district hospital', '2000-01-01', 'trade'),
(336, 'st. agnes centre', '0749721769', '', '', '', '', '', '', 'donegal town', 'donegal', 'ireland', '', 'residential home', '2015-07-24', 'trade'),
(337, 'st. angela''s national school', '0949022902', '', '', '', 'castlebar', '', '', 'castlebar', 'mayo', 'ireland', '', '', '2000-01-01', 'trade'),
(338, 'st. brendan''s community school', '', '', '', '', '', '', '', 'birr', 'offaly', 'ireland', '', '', '2015-07-30', 'trade'),
(339, 'st. brid''s national school', '', '', '', '', '', '', '', 'castlebar', 'mayo', 'ireland', '', 'education', '2000-01-01', 'trade'),
(340, 'st. brigid''s hospital', '0609648446', '0909644112', '', '', 'horgans house', 'walnut grove', '', 'ballinasloe', 'galway', 'ireland', '', 'hospital', '2000-01-01', 'trade'),
(341, 'st. brigid''s national school', '', '', '', '', 'annacurragh', '', '', 'annacurragh', 'wicklow', 'ireland', '', '', '2000-01-01', 'trade'),
(342, 'st. catherines school', '', '0879047188', '', '', 'junior room', 'kilmullen lane', '', 'newcastle', 'wicklow', 'ireland', '', 'education', '2000-01-01', 'trade'),
(343, 'st. columba''s hospital', '', '', '', '', 'thomastown', '', '', '', 'kilkenny', 'ireland', '', '', '2000-01-01', 'trade'),
(344, 'st. conals hospital', '0749188829', '0749188832', '', '', 'mortuary', '', '', 'letterkenny', 'donegal', 'ireland', '', 'hospital', '2000-01-01', 'trade'),
(345, 'st. crona''s national school', '0749521316', '', '', '', 'classroom 14', 'chapel road', '', 'dungloe', 'donegal', 'ireland', '', '', '2000-01-01', 'trade'),
(346, 'st. davnets hospital', '', '0872434517', 'mariemcq@eircom.net', '4781527', 'swimming pool', 'rooskey', '', 'monaghan', 'monaghan', 'ireland', '', 'hospital', '2000-01-01', 'trade'),
(347, 'st. declan''s community college', '', '', '', '', '', '', '', 'kilmacthomas', 'waterford', 'ireland', '', '', '2000-01-01', 'trade'),
(348, 'st. fergals junior national school', '', '', '', '', '', '', '', 'bray', 'wicklow', 'ireland', '', '', '2000-01-01', 'trade'),
(349, 'st. finbarrs hospital', '', '', '', '', 'room 104', 'st josephs unit', 'old maternity hospital', 'douglas', 'cork', 'ireland', '', '', '2000-01-01', 'trade'),
(350, 'st. gabriels special school', '0214544068', '', '', '', 'curraheen road', '', 'bishopstown', 'cork', 'cork', 'ireland', '', '', '2000-01-01', 'trade'),
(351, 'st. helens senior national school', '', '', '', '', 'limetree avenue', '', '', 'portmarnock', 'dublin', 'ireland', '', 'school', '2000-01-01', 'trade'),
(352, 'st. hilda''s center', '', '', '', '', 'bedroom 2', 'hillquarter', 'coosan', 'athlone', 'westmeath', 'ireland', '', '', '2000-01-01', 'trade'),
(353, 'st. john the baptist national school', '', '', '', '', 'old road', '', '', 'cashel', 'tipperary', 'ireland', '', 'education', '2000-01-01', 'trade'),
(354, 'st. joseph''s centre for the visually impaired', '', '', '', '18368403', 'grace park road', '', 'dublin 9', 'drumcondra', 'dublin', 'ireland', '', 'care centre', '2000-01-01', 'trade'),
(355, 'st. josephs centre for visually impaired', '', '', '', '', 'c/o irish guide dogs training centre', 'model farm road', '', 'bishopstown', 'cork', 'ireland', '', '', '2000-01-01', 'trade'),
(356, 'st. joseph''s community hospital', '', '', '', '', 'room 2', '', '', 'trim', 'meath', 'ireland', '', '', '2014-05-29', 'trade'),
(357, 'st. joseph''s daughters of charity', '', '', '', '', 'sonas 4', 'heather', '', 'clonsilla', 'dublin 15', 'ireland', '', '', '2000-01-01', 'trade'),
(358, 'st. josephs hospital', '', '', '', '4347927', 'padre pia ward', '', '', 'longford', 'longford', 'ireland', '', 'hospital', '2000-01-01', 'trade'),
(359, 'st. joseph''s national school', '', '', '', '', 'mardyke', '', '', 'cork', '', 'ireland', '', '', '2000-01-01', 'trade'),
(360, 'st. josephs primary school', '', '', '', '', 'dublin rd', '', '', 'longford', 'longford', 'ireland', '', '', '2000-01-01', 'trade'),
(361, 'st. leo''s convent', '', '0862593067', '', '', 'st. leo''s convent', 'dublin road', '', 'carlow', 'carlow', 'ireland', '', '', '2000-01-01', 'trade'),
(362, 'st. luke''s home', '', '', '', '', 'mahon', '', '', 'cork', 'cork', 'ireland', '', '', '2000-01-01', 'trade'),
(363, 'st. martins house', '0749521388', '', '', '749521101', 'sitting room', '', '', 'falcarragh', 'donegal', 'ireland', '', 'residential home', '2000-01-01', 'trade'),
(364, 'st. mary''s hospital', '', '', '', '', 'phoenix park', 'cun aoibheann unit', '', 'phoenix park', 'dublin', 'ireland', '', '', '2000-01-01', 'trade'),
(365, 'st. mary''s hospital#', '0429795081', '', '', '', '', '', '', 'castleblaney', 'monaghan', 'ireland', '', 'hospital', '2000-01-01', 'trade'),
(366, 'st. mary''s national school', '', '', '', '', 'enniskeane', '', '', '', 'cork', 'ireland', '', '', '2000-01-01', 'trade'),
(367, 'st. mary''s orthopaedic hospital', '', '', '', '', '', '', '', 'gurranabraher', 'cork', 'ireland', '', '', '2000-01-01', 'trade'),
(368, 'st. mary''s secondary school', '', '', '', '', '', '', '', 'mallow', 'cork', 'ireland', '', '', '2000-01-01', 'trade'),
(369, 'st. mary''s special school', '0469023745', '', '', '', 'johnstown', '', '', 'navan', 'meath', 'ireland', '', 'school', '2000-01-01', 'trade'),
(370, 'st. michaels house', '', '', '', '', 'the beeches', 'donoughmede', '', 'dublin 13', 'dublin', 'ireland', '', '', '2000-01-01', 'trade'),
(371, 'st. michael''s house', '', '', '', '', 'portrane road', '', '', 'donabate', 'dublin', 'ireland', '', '', '2000-01-01', 'trade'),
(372, 'st. michaels school', '', '', '', '', '', '', '', 'tipperary', 'tipperary', 'ireland', '', '', '2000-01-01', 'trade'),
(373, 'st. olaf''s national school', '', '0876799857', '', '', 'balally drive', 'dundrum', '', 'dublin 14', 'dublin', 'ireland', '', 'education', '2000-01-01', 'trade'),
(374, 'st. oliver plunkett hospital', '0429334488', '', '', '', 'service for the older people', 'dublin road', '', 'dundalk', 'louth', 'ireland', '', 'health sector', '2000-01-01', 'trade'),
(375, 'st. olivers national school', '', '0877559237', '', '', 'ballycasheen', '', '', 'killarney', 'kerry', 'ireland', '', 'education', '2000-01-01', 'trade'),
(376, 'st. patricks girls n.s.', '', '', '', '', 'hollypark', 'foxrock avenue', 'foxrock', 'dublin 18', 'dublin', 'ireland', '', 'school', '2000-01-01', 'trade'),
(377, 'st. patricks hospital', '', '', '', '', '', '', '', 'fermoy', 'cork', 'ireland', '', '', '2000-01-01', 'trade'),
(378, 'st. patrick''s hospital', '', '', '', '', 'st. claires ward', '', '', 'cashel', 'tipperary', 'ireland', '', '', '2000-01-01', 'trade'),
(379, 'st. patricks junior school', '', '', '', '', 'pierce road', '', '', 'enniscorthy', 'wexford', 'ireland', '', '', '2000-01-01', 'trade'),
(380, 'st. patricks lurgybrack national school', '0749125455', '0861605847', 'lurgybrack@eircom.net', '', '', '', '', 'letterkenny', 'donegal', 'ireland', '', 'education', '2000-01-01', 'trade'),
(381, 'st. patricks n.s.', '', '', '', '', 'churtlestown', '', '', 'enniskerry', 'wicklow', 'ireland', '', '', '2000-01-01', 'trade'),
(382, 'st. patricks special school', '0439233657', '', '', '', 'bohrean hill', '', '', 'enniscorthy', 'wexford', 'ireland', '', 'education', '2000-01-01', 'trade'),
(383, 'st. pauls school', '', '', '', '', 'sp3', 'bonnington', '', 'montenotte', 'cork', 'ireland', '', 'education', '2000-01-01', 'trade'),
(384, 'st. peter''s infant school', '', '', '', '', 'castlepark', '', '', 'arklow', 'wicklow', 'ireland', '', '', '2000-01-01', 'trade'),
(385, 'st. raphael''s hospital', '', '0872837487', '', '', 'oakvale', 'bungalow e', '', 'youghal', 'cork', 'ireland', '', '', '2015-07-23', 'trade'),
(386, 'st. rita''s respite', '', '', '', '', 'thomas street', '', '', 'clonmel', 'tipperary', 'ireland', '', 'health sector', '2000-01-01', 'trade'),
(387, 'st. vincents'' daughters of charity', '', '', '', '', 'the orchard - room 22', 'navan road', '', 'dublin 22', 'dublin', 'ireland', '', '', '2000-01-01', 'trade'),
(388, 'st. vincent''s boy''s school', '', '', '', '', 'north william street', '', '', 'dublin 1', '', 'ireland', '', '', '2000-01-01', 'trade'),
(389, 'st. vincents center', '0214391333', '', '', '', 'st mary''s rd', '', '', 'cork city', 'cork', 'ireland', '', 'residential home', '2000-01-01', 'trade'),
(390, 'st.bridgid''s ns', '', '', '', '', 'duagh', '', '', 'listowl', 'kerry', 'ireland', '', 'education', '2000-01-01', 'trade'),
(391, 'stewarts home care', '', '', '', '', '28 kilcronan crescent', '', '', 'clondalkin', 'dublin', 'ireland', '', '', '2000-01-01', 'trade'),
(392, 'stewarts hospital', '', '', '', '', 'woodlands 28', 'palmerstown', '', 'dublin', 'dublin', 'ireland', '', 'hospital', '2000-01-01', 'trade'),
(393, 'stewarts training and resouce center, balgaddy', '', '', '', '', 'balgaddy', '', '', 'lucan', 'dublin', 'ireland', '', 'community hospital', '2000-01-01', 'trade'),
(394, 'straffan national school', '', '', '', '', '', '', '', 'straffan', 'kildare', 'ireland', '', 'education', '2000-01-01', 'trade'),
(395, 'summerhill house', '', '', '', '', '', '', '', 'enniscorthy', 'wexford', 'ireland', '', '', '2000-01-01', 'trade'),
(396, 'suzanne''s house', '', '0872684095', '', '14525504', '6 main road', 'tallaght', 'd24', 'tallaght', 'dublin', 'ireland', '', 'care centre', '2015-07-29', 'trade'),
(397, 'teach alter nursing home', '', '', '', '', 'room 6', '', '', 'newmarket', 'cork', 'ireland', '', 'nursing home', '2015-08-11', 'trade'),
(398, 'the derg centre day care', '', '', '', '6746758', 'gortlandroe', '', '', 'nenagh', 'tipperary', 'ireland', '', '', '2000-01-01', 'trade'),
(399, 'the martin trust', '', '', '', '', '48 ballyclare road', '', '', 'newtownabbey', 'antrim', 'ireland', '', '', '2000-01-01', 'trade'),
(400, 'thurles institute of technology', '', '', '', '', '', '', '', 'thurles', 'tipperary', 'ireland', '', '', '2000-01-01', 'trade'),
(401, 'thurles leisure centre', '', '', '', '', '', '', '', 'thurles', 'tipperary', 'ireland', '', '', '2000-01-01', 'trade'),
(402, 'togher boys school', '', '', '', '', 'togher', '', '', 'cork', 'cork', 'ireland', '', '', '2000-01-01', 'trade'),
(403, 'university of limerick', '', '0876993376', '', '', '', '', '', 'limerick city', 'limerick', 'ireland', '', 'education', '2000-01-01', 'trade'),
(404, 'ursline secondary school', '', '0861730726', '', '', '', '', '', 'blackrock', 'cork', 'ireland', '', 'education', '2000-01-01', 'trade'),
(405, 'ursuline national school', '', '', '', '', '', '', '', 'waterford', 'waterford', 'ireland', '', '', '2000-01-01', 'trade'),
(406, 'val nolan', '', '0862538341', '', '', 'monashennach', 'ardagh', '', 'limerick', 'limerick', 'ireland', '', '', '2015-06-19', 'trade'),
(407, 'vec school', '', '', '', '', 'high rd,', 'ballyraine national school', '', 'letterkenny', 'donegal', 'ireland', '', 'education', '2000-01-01', 'trade'),
(408, 'vicarstown national school', '0217332179', '', 'vicarstownns@eircom.net', '', 'vicarstown', '', '', 'blarney', 'cork', 'ireland', '', 'school', '2000-01-01', 'trade'),
(409, 'virginia care center', '0498546212', '', '', '', 'dublin road', '6bed ward', '', 'virginia', 'cavan', 'ireland', '', 'residential home', '2000-01-01', 'trade'),
(410, 'waterford insitute for technology', '', '', '', '', 'nurse education building', 'cork road', '', 'waterford', 'waterford', 'ireland', '', 'education', '2015-07-29', 'trade'),
(411, 'westmeath county council', '', '', '', '', 'halting site beside st. mary''s hospital', '', '', 'mullingar', 'westmeath', 'ireland', '', '', '2000-01-01', 'trade'),
(412, 'wexford county council', '0539375602', '0860786914', '', '', '3 the willows', 'hospital hill', '', 'bunclody', 'wexford', 'ireland', '', '', '2000-01-01', 'trade'),
(413, 'wexford general hospital', '', '', '', '', 'creditors dept (millbrook house)', '', '', 'enniscorthy', 'wexford', 'ireland', '', '', '2000-01-01', 'trade'),
(414, 'whitfield clinic', '', '', '', '', 'butlerstown north', 'cork road', '', 'waterford', 'waterford', 'ireland', '', '', '2000-01-01', 'trade'),
(415, 'woodlands national school', '0749124498', '', '', '749124219', '', '', '', 'letterkenny', 'donegal', 'ireland', '', 'education', '2000-01-01', 'trade'),
(416, 'youghal community hospital', '2492106', '', '', '', 'st angela''s room', '', '', 'youghal', 'cork', 'ireland', '', '', '2000-01-01', 'trade'),
(417, 'brothers of charity - acquired brain injury service - galway', '', '', '', '', '24 heather grove', 'acquired brain injury service', '', 'ballybane', 'galway', 'ireland', '', '', '2000-01-01', 'trade'),
(418, 'brothers of charity - activation unit - tipperary', '', '', '', '', 'activation unit', 'st. patricks road', '', 'clonmel', 'tipperary', 'ireland', '', '', '2000-01-01', 'trade'),
(419, 'brothers of charity - ard na seaghsa - roscommon', '', '', '', '', 'ard na seaghsa, bedroom', 'abbeytown', '', 'boyle', 'roscommon', 'ireland', '', '', '2000-01-01', 'trade'),
(420, 'brothers of charity - ashbrook house - galway', '', '', '', '', 'ashbrook house', 'bolands lane', '', 'gort', 'galway', 'ireland', '', '', '2000-01-01', 'trade'),
(421, 'brothers of charity - aughmagree house - roscommon', '', '', '', '', 'aughmagree house', '', '', 'kilteavan', 'roscommon', 'ireland', '', '', '2000-01-01', 'trade'),
(422, 'brothers of charity - ballindereen house - galway', '', '', '', '', 'ballindereen house', 'kilcolgan', '', 'galway', 'galway', 'ireland', '', '', '2000-01-01', 'trade'),
(423, 'brothers of charity - boc day center - galway', '', '', '', '', 'boc day center', '', '', 'gort', 'galway', 'ireland', '', '', '2000-01-01', 'trade'),
(424, 'brothers of charity - burren view day care centre - galway', '', '', '', '', 'burren view day care', '5 fana bui', 'ballymoneen rd', 'knocknacarra', 'galway', 'ireland', '', '', '2000-01-01', 'trade'),
(425, 'brothers of charity - care abbey - tipperary', '', '', '', '', 'care abbey', '', '', 'cahir', 'tipperary', 'ireland', '', '', '2000-01-01', 'trade'),
(426, 'brothers of charity - carraroe - galway', '', '', '', '', '', '', '', 'carraroe', 'galway', 'ireland', '', '', '2000-01-01', 'trade'),
(427, 'brothers of charity - carrownaherick - galway', '', '', '', '', 'carrownaherick', 'belclare', '', 'tuam', 'galway', 'ireland', '', '', '2000-01-01', 'trade'),
(428, 'brothers of charity - countess grove - kerry', '', '', '', '', '7 countess grove', '', '', 'killarney', 'kerry', 'ireland', '', '', '2000-01-01', 'trade'),
(429, 'brothers of charity - deerpark printing centre - galway', '', '', '', '', 'deerpark center', 'avalon house', 'bedroom', 'ballinasloe', 'galway', 'ireland', '', '', '2000-01-01', 'trade'),
(430, 'brothers of charity - derrydonnell house - galway', '', '', '', '', 'derrydonnell house', '', '', 'athenry', 'galway', 'ireland', '', '', '2000-01-01', 'trade'),
(431, 'brothers of charity - doy siam house - galway', '', '', '', '', 'doy siam house', 'drumacoo', '', 'kilcolgan', 'galway', 'ireland', '', '', '2000-01-01', 'trade'),
(432, 'brothers of charity - drumacoo house - galway', '', '', '', '', 'drumacoo house', 'kilcolgan', '', 'clarinbridge', 'galway', 'ireland', '', '', '2000-01-01', 'trade'),
(433, 'brothers of charity - early childhood services - galway', '', '', '', '', 'early childhood services', '35 lower newcastle road', '', 'galway', 'galway', 'ireland', '', '', '2000-01-01', 'trade'),
(434, 'brothers of charity - fia nua - galway', '', '', '', '', 'fia nua', 'avalon house', '', 'ballinasloe', 'galway', 'ireland', '', '', '2000-01-01', 'trade'),
(435, 'brothers of charity - finns house - galway', '', '', '', '', 'finns house', 'derrydonnellmore', '', 'athenry', 'galway', 'ireland', '', '', '2000-01-01', 'trade'),
(436, 'brothers of charity - grange - tipperary', '', '', '', '', 'grange', '', '', 'cahir', 'tipperary', 'ireland', '', '', '2000-01-01', 'trade'),
(437, 'brothers of charity - hazelwood house - waterford', '', '', '', '', 'hazelwood house', 'bellmount', 'ferrybank', 'waterford', 'waterford', 'ireland', '', '', '2000-01-01', 'trade'),
(438, 'brothers of charity - hillcrest - roscommon', '', '', '', '', 'hillcrest', 'knock roe', '', 'castlerea', 'roscommon', 'ireland', '', '', '2000-01-01', 'trade'),
(439, 'brothers of charity - john paul centre - galway', '', '', '', '', 'st. michael''s', 'john paul centre', 'ballybane', 'galway', 'galway', 'ireland', '', '', '2000-01-01', 'trade'),
(440, 'brothers of charity - john paul services - galway', '', '', '', '', 'john paul services', 'ballybane', '', 'galway', 'galway', 'ireland', '', '', '2000-01-01', 'trade'),
(441, 'brothers of charity - kilcoran centre - galway', '', '', '', '', 'bunglow 2', 'kilcoran', '', 'clarinbridge', 'galway', 'ireland', '', '', '2000-01-01', 'trade'),
(442, 'brothers of charity - kiltalla house - galway', '', '', '', '', 'kiltalla house', 'airport road', '', 'carnmore', 'galway', 'ireland', '', '', '2000-01-01', 'trade'),
(443, 'brothers of charity - kilteavan - roscommon', '', '', '', '', '', '', '', 'kilteavan', 'roscommon', 'ireland', '', '', '2000-01-01', 'trade'),
(444, 'brothers of charity - lochaun house - galway', '', '', '', '', 'bungalow 13', 'kilcoran', '', 'clarinbridge', 'galway', 'ireland', '', '', '2000-01-01', 'trade'),
(445, 'brothers of charity - lota - cork', '', '', '', '', 'lota,', 'bungalow 1 bathroom', '', 'glanmire', 'cork', 'ireland', '', '', '2000-01-01', 'trade'),
(446, 'brothers of charity - lus na greine - tipperary', '', '', '', '', 'lus na greine', 'fetherd road', '', 'clonmel', 'tipperary', 'ireland', '', '', '2000-01-01', 'trade'),
(447, 'brothers of charity - moneymore house - galway', '', '', '', '', 'moneymore house', 'moneymore east', '', 'oranmore', 'galway', 'ireland', '', '', '2000-01-01', 'trade'),
(448, 'brothers of charity - moyderwell - kerry', '', '', '', '', 'moyderwell', '', '', 'tralee', 'kerry', 'ireland', '', '', '2000-01-01', 'trade'),
(449, 'brothers of charity - nagle centre - tipperary', '', '', '', '', 'nagle centre', '', '', 'cashel', 'tipperary', 'ireland', '', '', '2000-01-01', 'trade'),
(450, 'brothers of charity - renmore - galway', '', '', '', '', 'renmore', '', '', 'woodlands', 'galway', 'ireland', '', '', '2000-01-01', 'trade'),
(451, 'brothers of charity - rose lodge/stone lodge - galway', '', '', '', '', 'rose lodge/stone lodge', '', '', 'kilcornan', 'galway', 'ireland', '', '', '2000-01-01', 'trade'),
(452, 'brothers of charity - siolta nua - tipperary', '', '', '', '', 'siolta nua', 'carrigeen business park', 'clogheen road', 'cahir', 'tipperary', 'ireland', '', '', '2000-01-01', 'trade'),
(453, 'brothers of charity - skylark centre - galway', '', '', '', '', '', 'skylark centre', 'raheen road', 'athenry', 'galway', 'ireland', '', '', '2000-01-01', 'trade'),
(454, 'brothers of charity - stepping stones - galway', '', '', '', '', 'stepping stones', 'carrann park', '', 'tuam', 'galway', 'ireland', '', '', '2000-01-01', 'trade'),
(455, 'brothers of charity - tara house - galway', '', '', '', '', 'tara house', 'weir road', 'kilcolgan', 'clarinbridge', 'galway', 'ireland', '', '', '2000-01-01', 'trade'),
(456, 'brothers of charity - tus maith - tipperary', '', '', '', '', 'tus maith', '', '', 'tipperary town', 'tipperary', 'ireland', '', '', '2000-01-01', 'trade'),
(457, 'brothers of charity - tus nua - waterford', '', '', '', '', 'tus nua, upper drumdrony', 'bellefield road', 'slieverue', 'waterford', 'waterford', 'ireland', '', '', '2000-01-01', 'trade'),
(458, 'brothers of charity - weir road - galway', '', '', '', '', 'bunglow 4', 'weir road', 'kilcoran', 'clarinbridge', 'galway', 'ireland', '', '', '2000-01-01', 'trade'),
(459, 'brothers of charity - woodlands centre - galway', '', '', '', '', 'rosedale school', 'woodland centre', 'little oaks room', 'renmore', 'galway', 'ireland', '', '', '2000-01-01', 'trade');

-- --------------------------------------------------------

--
-- Table structure for table `contact_info`
--

DROP TABLE IF EXISTS `contact_info`;
CREATE TABLE IF NOT EXISTS `contact_info` (
  `contactid` int(10) NOT NULL AUTO_INCREMENT,
  `phone_num` varchar(15) DEFAULT NULL,
  `mobile_phone_num` varchar(15) DEFAULT NULL,
  `email` varchar(50) DEFAULT NULL,
  `fax` varchar(15) DEFAULT NULL,
  `postal_address1` varchar(50) DEFAULT NULL,
  `postal_address2` varchar(50) DEFAULT NULL,
  `postal_address3` varchar(50) DEFAULT NULL,
  `postal_address4` varchar(50) DEFAULT NULL,
  `postal_address5` varchar(50) DEFAULT NULL,
  `county` varchar(35) DEFAULT NULL,
  `country` varchar(28) DEFAULT NULL,
  PRIMARY KEY (`contactid`)
) ENGINE=InnoDB AUTO_INCREMENT=759 DEFAULT CHARSET=latin1;

--
-- Dumping data for table `contact_info`
--

INSERT INTO `contact_info` (`contactid`, `phone_num`, `mobile_phone_num`, `email`, `fax`, `postal_address1`, `postal_address2`, `postal_address3`, `postal_address4`, `postal_address5`, `county`, `country`) VALUES
(1, '6821470', NULL, 'amnh@eircom.net', '', 'aras mhuire nursing unit', '7 dublin road', 'pallative care 12b', '', 'tuam', 'galway', 'ireland'),
(2, '6721271', NULL, '', '', 'aiglish national school', '', '', '', 'nenagh', 'tipperary', 'ireland'),
(3, '50421448', NULL, 'reception@scoilailbhe.ie', '', 'ailbhe national school', '', '', '', 'thurles', 'tipperary', 'ireland'),
(4, '749532658', '879263327', '', '', 'angle day care center', 'gweedore rd', '', '', 'dungloe', 'donegal', 'ireland'),
(5, '749521388', NULL, '', '', 'angle day care center', 'gweedore road', '', '', 'dungloe', 'donegal', 'ireland'),
(6, '749521388', NULL, '', '', 'angle day care center', 'gweedore road', '', '', 'dungloe', 'donegal', 'ireland'),
(7, '749521388', NULL, '', '', 'angle day care center', 'snoozelan room', '', '', 'dungloe', 'donegal', 'ireland'),
(8, '749521388', NULL, '', '', 'angle day care center', 'gweedore road', '', '', 'dungloe', 'donegal', 'ireland'),
(9, '749532658', '879263327', '', '', 'angle day care center', 'gweedore rd', '', '', 'dungloe', 'donegal', 'ireland'),
(10, '749560624', NULL, 'efriel@arasgaothdohair.ie', '', 'aras ghaoth dobhair nursing home', 'meenanillar', '', '', 'derrybeg', 'donegal', 'ireland'),
(11, '749560624', NULL, 'efriel@arasgaothdohair.ie', '', 'aras ghaoth dobhair nursing home', 'meenanillar', '', '', 'derrybeg', 'donegal', 'ireland'),
(12, '749560624', NULL, 'efriel@arasgaothdohair.ie', '', 'aras ghaoth dobhair nursing home', 'meenanillar', '', '', 'derrybeg', 'donegal', 'ireland'),
(13, '6821470', NULL, 'amnh@eircom.net', '', 'aras mhuire nursing unit', '7 dublin road', 'pallative care 12a', '', 'tuam', 'galway', 'ireland'),
(14, '667134289', '861607421', 'ardfertns.ias@eircom.net', '', 'ardfert national school', '', '', '', 'ardfert', 'kerry', 'ireland'),
(15, '719671771', NULL, 'jscott@auragroup.ie', '', 'aura leitrim leisure', 'attfinlay', '', '', 'carrick-on-shannon', 'leitrim', 'ireland'),
(16, '91871200', NULL, 'bernie.austin@hse.ie', '', 'ballinsloe community nursing unit', '', '', '', 'ballinasloe', 'galway', 'ireland'),
(17, '91871200', '863816700', 'bernie.austin@hse.ie', '', 'ballinsloe community nursing unit', 'room no. 1 top floor', '', '', 'ballinasloe', 'galway', 'ireland'),
(18, '91871200', '863816700', 'bernie.austin@hse.ie', '', 'ballinsloe community nursing unit', 'room no. 4 top floor', '', '', 'ballinasloe', 'galway', 'ireland'),
(19, '91871200', '863816700', 'bernie.austin@hse.ie', '', 'ballinsloe community nursing unit', 'room no. 5 top floor', '', '', 'ballinasloe', 'galway', 'ireland'),
(20, '91871200', '863816700', 'bernie.austin@hse.ie', '', 'ballinsloe community nursing unit', 'room no. 3 top floor', '', '', 'ballinasloe', 'galway', 'ireland'),
(21, '596481255', '872040499', 'carol.gannon@hse.ie', '', 'baltinglass district hospital', 'baltinglass', 'room 92', '', 'baltinglass', 'wicklow', 'ireland'),
(22, '596481255', '872040499', 'carol.gannon@hse.ie', '', 'baltinglass district hospital', 'baltinglass', 'room 98', '', 'baltinglass', 'wicklow', 'ireland'),
(23, '596481255', '872040499', 'carol.gannon@hse.ie', '', 'baltinglass district hospital', 'baltinglass', 'room 80', '', 'baltinglass', 'wicklow', 'ireland'),
(24, '596481255', '872040499', 'carol.gannon@hse.ie', '', 'baltinglass district hospital', 'baltinglass', '', '', 'baltinglass', 'wicklow', 'ireland'),
(25, '596481255', '872040499', 'carol.gannon@hse.ie', '', 'baltinglass district hospital', 'baltinglass', 'room 158', '', 'baltinglass', 'wicklow', 'ireland'),
(26, '596481255', '872040499', 'carol.gannon@hse.ie', '', 'baltinglass district hospital', 'baltinglass', '', '', 'baltinglass', 'wicklow', 'ireland'),
(27, '596481255', '872040499', 'carol.gannon@hse.ie', '', 'baltinglass district hospital', 'baltinglass', '', '', 'baltinglass', 'wicklow', 'ireland'),
(28, '596481255', '872040499', 'carol.gannon@hse.ie', '', 'baltinglass district hospital', 'baltinglass', 'room 94', '', 'baltinglass', 'wicklow', 'ireland'),
(29, '606481255', '872040499', 'carol.gannon@hse.ie', '', 'baltinglass district hospital', 'baltinglass', 'room 89', '', 'baltinglass', 'wicklow', 'ireland'),
(30, '596481255', '872040499', 'carol.gannon@hse.ie', '', 'baltinglass district hospital', 'baltinglass', '', '', 'baltinglass', 'wicklow', 'ireland'),
(31, '596481255', '872040499', '', '', 'baltinglass district hospital', 'baltinglass', '', '', 'baltinglass', 'wicklow', 'ireland'),
(32, '596481255', '872040499', 'carol.gannon@hse.ie', '', 'baltinglass district hospital', 'baltinglass', '', '', 'baltinglass', 'wicklow', 'ireland'),
(33, '596481255', '872040499', 'carol.gannon@hse.ie', '', 'baltinglass district hospital', 'baltinglass', 'room 111', '', 'baltinglass', 'wicklow', 'ireland'),
(34, '2242646', NULL, '', '', 'baltydaniel national school', 'newtwopothouse', '', '', 'mallow', 'cork', 'ireland'),
(35, '2770177', NULL, 'beara2@eircom.net', '', 'beara comm. school', '', '', '', 'castletownbere', 'cork', 'ireland'),
(36, '214292195', NULL, '', '', 'beaumont residential care ltd.', 'woodvale rd', 'ballintemple', '', 'cork', 'cork', 'ireland'),
(37, '12868285', NULL, 'braymd@wicklowcoco.ie', '', 'bray town council', 'st. rita''s', 'upper dargle road', '', 'bray', 'wicklow', 'ireland'),
(38, '499525520', NULL, 'ann.gaffeny@hse.ie', '', 'breffni care center', 'community service', '', '', 'ballyconnell', 'cavan', 'ireland'),
(39, '499525520', NULL, 'ann.gaffeny@hse.ie', '', 'breffni care center', 'community service', '', '', 'ballyconnell', 'cavan', 'ireland'),
(40, '499525520', NULL, 'ann.gaffeny@hse.ie', '', 'breffni care center', 'community service', 'room 18', '', 'ballyconnell', 'cavan', 'ireland'),
(41, '499525520', NULL, 'ann.gaffeny@hse.ie', '', 'breffni care center', 'community service', '', '', 'ballyconnell', 'cavan', 'ireland'),
(42, '6262383', NULL, '', '', 'brothers of charity', 'care abbey', '', '', 'cahir', 'tipperary', 'ireland'),
(43, '91755241', '91796106', 'daveohalloran@galway.brothersofcharity.ie', '', 'brothers of charity', 'doy siam house', 'drumacoo', '', 'kilcolgan', 'galway', 'ireland'),
(44, '91510195', NULL, 'debbiefahy@galway.brothersofcharity.ie', '', 'brothers of charity', 'burren view day care centre', '5 fana bui', 'ballymoneen rd', 'knocknacarra', 'galway', 'ireland'),
(45, '91755162', NULL, 'helenlawrence@galway.brothersofcharity.ie', '', 'brothers of charity', 'shalom', 'john paul centre', '', 'ballybane', 'galway', 'ireland'),
(46, '6262383', NULL, '', '', 'brothers of charity', 'nagle centre', '', '', 'cashel', 'tipperary', 'ireland'),
(47, '91755162', NULL, 'helenlawrence@galway.brothersofcharity.ie', '', 'brothers of charity', 'st michael''s', 'john paul centre', '', 'ballybane', 'galway', 'ireland'),
(48, '5270554', '2524499', '', '', 'brothers of charity', 'lus na greine', 'fetherd road', '', 'clonmel', 'tipperary', 'ireland'),
(49, '91796106', '91755241', 'daveohalloran@galway.brothersofcharity.ie', '', 'brothers of charity', 'lochaun house', 'stradbally', '', 'clarinbridge', 'galway', 'ireland'),
(50, '91510195', NULL, 'debbiefahy@galway.brothersofcharity.ie', '', 'brothers of charity', 'burren view day care', '5 fana bui', 'ballymoneen rd', 'knocknacarra', 'galway', 'ireland'),
(51, '6262383', '4318000', '', '', 'brothers of charity', 'grange', '', '', 'cahir', 'tipperary', 'ireland'),
(52, '909644988', NULL, 'maryhazlett@galway.brothersofcharity.ie', '', 'brothers of charity', 'fia nua', 'avalon house', '', 'ballinasloe', 'galway', 'ireland'),
(53, '906628500', '872636319', '', '', 'brothers of charity', 'aughmagree house', '', '', 'kilteavan', 'roscommon', 'ireland'),
(54, '909644988', NULL, '', '', 'brothers of charity', 'fia nua', 'multi sensory room', '', 'ballinasloe', 'galway', 'ireland'),
(55, '91850139', '877988741', 'noelleburke@galway.brothersofcharity.ie', '', 'brothers of charity', 'physio room', 'skylark centre', 'raheen road', 'athenry', 'galway', 'ireland'),
(56, '909644988', '909642142', 'maryhazlett@galway.brothersofcharity.ie', '', 'brothers of charity', 'avalon', 'deerpark centre', '', 'ballinasloe', 'galway', 'ireland'),
(57, '909644988', NULL, '', '', 'brothers of charity', 'fia nua', 'living room', '', 'ballinasloe', 'galway', 'ireland'),
(58, '91755241', '91796106', 'daveohalloran@galway.brothersofcharity.ie', '', 'brothers of charity', 'doysiam', 'drumacoo', '', 'kilcolgan', 'galway', 'ireland'),
(59, '91755241', NULL, 'daveohalloran@galway.brothersofcharity.ie', '', 'brothers of charity', 'bunglow 9', 'kilcoran centre', '', 'clarinbridge', 'galway', 'ireland'),
(60, '91755241', NULL, 'daveohalloran@galway.brothersofcharity.ie', '', 'brothers of charity', 'bathroom', 'ballindereen lower', 'kilenmunster lane', 'kilcolgan', 'galway', 'ireland'),
(61, '91755241', NULL, 'daveohalloran@galway.brothersofcharity.ie', '', 'brothers of charity', 'drumacoo house', 'kilcolgan', '', 'clarinbridge', 'galway', 'ireland'),
(62, '91755241', NULL, 'daveohalloran@galway.brothersofcharity.ie', '', 'brothers of charity', 'tara house', 'weir road', 'kilcolgan', 'clarinbridge', 'galway', 'ireland'),
(63, '91755241', NULL, 'helenlawrence@galway.brothersofcharity.ie', '', 'brothers of charity', 'eden house', 'john paul centre', '', 'ballybane', 'galway', 'ireland'),
(64, '91755241', NULL, 'helenlawrence@galway.brothersofcharity.ie', '', 'brothers of charity', 'eden house', 'john paul centre', '', 'ballybane', 'galway', 'ireland'),
(65, '91796623', NULL, 'carmelconnaughton@galway.brothersofcharity.ie', '', 'brothers of charity', 'ollie''s room', 'ballindereen lower', 'kilenmunster lane', 'kilcolgan', 'galway', 'ireland'),
(66, '91721400', NULL, '', '', 'brothers of charity', 'stepping stones', 'carrann park', '', 'tuam', 'galway', 'ireland'),
(67, '91850139', NULL, 'noelleburke@galway.brothersofcharity.ie', '', 'brothers of charity', 'derrydonnell house', '', '', 'athenry', 'galway', 'ireland'),
(68, '5229776', NULL, '', '', 'brothers of charity', 'care abbey', '', '', 'cahir', 'tipperary', 'ireland'),
(69, '909644988', NULL, 'maryhazlett@galway.brothersofcharity.ie', '', 'brothers of charity', 'fia nua house 2', 'sittingroom', '', 'ballinasloe', 'galway', 'ireland'),
(70, '214821012', NULL, '', '', 'brothers of charity', 'lota,', 'bungalow 1 bathroom', '', 'glanmire', 'cork', 'ireland'),
(71, '909644988', NULL, '', '', 'brothers of charity', 'fia nua', 'bathroom', '', 'ballinasloe', 'galway', 'ireland'),
(72, '91755162', NULL, 'helenlawrence@galway.brothersofcharity.ie', '', 'brothers of charity', 'st stephen''s', 'john paul centre', '', 'ballybane', 'galway', 'ireland'),
(73, '91755162', NULL, 'helenlawrence@galway.brothersofcharity.ie', '', 'brothers of charity', 'st. michaels house', 'john paul centre', '', 'ballybane', 'galway', 'ireland'),
(74, '909644988', NULL, '', '', 'brothers of charity', 'fia nua', 'therapy room', '', 'ballinasloe', 'galway', 'ireland'),
(75, '7196631654', NULL, '', '', 'brothers of charity', 'ard na seaghsa, bedroom', 'abbeytown', '', 'boyle', 'roscommon', 'ireland'),
(76, '91755161', NULL, 'helenlawrence@galway.brothersofcharity.ie', '', 'brothers of charity', 'st. agnes', 'john paul centre', '', 'ballybane', 'galway', 'ireland'),
(77, '91755162', NULL, 'helenlawrence@galway.brothersofcharity.ie', '', 'brothers of charity', 'st. agnes', 'john paul centre', 'aisling henegan''s room', 'ballybane', 'galway', 'ireland'),
(78, '91755162', NULL, 'helenlawrence@galway.brothersofcharity.ie', '', 'brothers of charity', '', 'john paul centre', '', 'ballybane', 'galway', 'ireland'),
(79, '719620880', NULL, '', '', 'carrick-on-shannon community school', '', '', '', 'carrick-on-shannon', 'leitrim', 'ireland'),
(80, '719620880', NULL, '', '', 'carrick-on-shannon community school', '', '', '', 'carrick-on-shannon', 'leitrim', 'ireland'),
(81, '749150169', NULL, '', '', 'ceathru caol national school', '', '', '(close to lifford)', 'kerrykeel', 'donegal', 'ireland'),
(82, '16579005', NULL, 'ksanderson@chartermedical.ie', '', 'charter medical group', 'the forge', 'smithfield market', 'smithfield', 'dublin 7', 'dublin', 'ireland'),
(83, '214822192', NULL, '', '', 'cheshire homes', 'st. lawrance', 'lota', '', 'glanmire', 'cork', 'ireland'),
(84, '749127678', NULL, '', '', 'cheshire homes', 'room 12', 'long lane', '', 'letterkenny', 'donegal', 'ireland'),
(85, '214822192', NULL, 'katherine.dullaghan@cheshire.ie', '', 'cheshire homes', 'st. lawrance', 'lota', '', 'glanmire', 'cork', 'ireland'),
(86, '5529143', NULL, '', '', 'cheshire homes', 'ardeen cheshire home', '', '', 'shillelagh', 'wicklow', 'ireland'),
(87, '749127678', NULL, '', '', 'cheshire homes', 'room 10', 'long lane', '', 'letterkenny', 'donegal', 'ireland'),
(88, '214822192', NULL, '', '', 'cheshire homes', 'st. laurance', 'lota', '', 'glanmire', 'cork', 'ireland'),
(89, '214822192', NULL, '', '', 'cheshire homes', 'st. lawrance', 'lota', '', 'glanmire', 'cork', 'ireland'),
(90, '214822192', NULL, '', '', 'cheshire homes', 'st. lawrance', 'lota', '', 'glanmire', 'cork', 'ireland'),
(91, '214822192', NULL, '', '', 'cheshire homes', 'st. lawrance', 'lota', '', 'glanmire', 'cork', 'ireland'),
(92, '749127678', NULL, '', '', 'cheshire homes', 'room 8', 'long lane', '', 'letterkenny', 'donegal', 'ireland'),
(93, '214822192', NULL, '', '', 'cheshire homes', 'st. laurance', 'lota', '', 'glanmire', 'cork', 'ireland'),
(94, '214822192', NULL, '', '', 'cheshire homes', 'st. lawrance', 'lota', '', 'glanmire', 'cork', 'ireland'),
(95, '949384137', NULL, '', '', 'cheshire homes', 'lismirrane', '', '', 'swinford', 'mayo', 'ireland'),
(96, '749127678', NULL, '', '', 'cheshire homes', 'room 1', 'long lane', '', 'letterkenny', 'donegal', 'ireland'),
(97, '214822192', NULL, '', '', 'cheshire homes', 'st. lawrance', 'lota', '', 'glanmire', 'cork', 'ireland'),
(98, '214822192', NULL, '', '', 'cheshire homes', 'st. lawrance', 'lota', '', 'glanmire', 'cork', 'ireland'),
(99, '27500067', NULL, '', '', 'child & family centre', '', 'ardnagennha', '', 'bantry', 'cork', 'ireland'),
(100, '656846206', NULL, 'bboyce@clarecoco.ie', '', 'clare county council', '30 westbourne court', 'watery road (john mcguire)', '', 'ennis', 'clare', 'ireland'),
(101, '214385547', NULL, 'oifig@cloghroens.ie', '', 'cloghroe national school', '', '', '', 'cloghroe', 'cork', 'ireland'),
(102, '214385547', NULL, 'oifig@cloghroens.ie', '', 'cloghroe national school', 'bathroom', '', '', 'cloghroe', 'cork', 'ireland'),
(103, '214620600', NULL, 'managerballincollig@mowlamhealthcare.com', '', 'cnu ballincollig', 'block 1 bride', 'ground floor', '', 'ballingcollig', 'cork', 'ireland'),
(104, '214620600', NULL, 'managerballincollig@mowlamhealthcare.com', '', 'cnu ballincollig', 'top floor', '', '', 'ballincollig', 'cork', 'ireland'),
(105, '214620600', NULL, 'managerballincollig@mowlamhealthcare.com', '', 'cnu ballincollig', 'block 2 shournagh', '2nd floor', '', 'ballincollig', 'cork', 'ireland'),
(106, '214620600', NULL, 'managerballincollig@mowlamhealthcare.com', '', 'cnu ballincollig', '', '', '', 'ballingcollig', 'cork', 'ireland'),
(107, '2750114', NULL, 'ceo@co-action.ie', '', 'co-action', 'bedroom 1', '', '', 'dunmanway', 'cork', 'ireland'),
(108, '2750114', NULL, 'ceo@co-action.ie', '', 'co-action', 'bathroom', '', '', 'bantry', 'cork', 'ireland'),
(109, '2750114', NULL, 'ceo@co-action.ie', '', 'co-action', '', '', '', 'bantry', 'cork', 'ireland'),
(110, '2750114', NULL, 'ceo@co-action.ie', '', 'co-action', 'gym', '', '', 'dunmanway', 'cork', 'ireland'),
(111, '2750114', NULL, 'ceo@co-action.ie', '', 'co-action', 'changing room', '', '', 'bantry', 'cork', 'ireland'),
(112, '2750114', NULL, 'ceo@co-action.ie', '', 'co-action', 'small bathroom near gym', '', '', 'dunmanway', 'cork', 'ireland'),
(113, '2750114', NULL, 'ceo@co-action.ie', '', 'co-action', '23/24 connolly street', '', '', 'clonakilty', 'cork', 'ireland'),
(114, '2750114', NULL, 'ceo@co-action.ie', '', 'co-action', 'high dependency room 1', '', '', 'bantry', 'cork', 'ireland'),
(115, '2750114', NULL, 'ceo@co-action.ie', '', 'co-action', 'bathroom', '', '', 'dunmanway', 'cork', 'ireland'),
(116, '2750114', NULL, 'ceo@co-action.ie', '', 'co-action', 'upper ground floor wc1', 'boyle street', '', 'clonakilty', 'cork', 'ireland'),
(117, '2750114', NULL, 'ceo@co-action.ie', '', 'co-action', '', '', '', 'dunmanway', 'cork', 'ireland'),
(118, '2750114', NULL, 'ceo@co-action.ie', '', 'co-action', 'upper ground floor wc2', 'boyle street', '', 'clonakilty', 'cork', 'ireland'),
(119, '2750114', NULL, 'ceo@co-action.ie', '', 'co-action', 'small group room', 'boyle street', '', 'clonakilty', 'cork', 'ireland'),
(120, '6964094', NULL, 'mercycc@eircom.net', '', 'colaiste na trocaire', 'mercy community college', '', '', 'rathkeale', 'limerick', 'ireland'),
(121, '567763211', '866016365', 'codriscoll@soskilkenny.ie', '', 'college gardens (kashma)', 'ingrid brennan', 'college gardens', 'callan road', 'kilkenny', 'kilkenny', 'ireland'),
(122, '214255500', '868613806', '', '', 'college of commerce', 'morrisons island', '', '', 'cork', 'cork', 'ireland'),
(123, '2341814', NULL, '', '', 'coloiste na toirbhirte bandon', '', '', '', 'bandon', 'cork', 'ireland'),
(124, '719667171', NULL, '', '', 'convent primary school', '', '', '', 'boyle', 'roscommon', 'ireland'),
(125, '214501168', NULL, 'byrnem@cope-foundation.ie', '', 'cope foundation', 'springfort', 'bonnington', '', 'montenotte', 'cork', 'ireland'),
(126, '214891472', '862592101', 'byrnem@cope-foundation.ie', '', 'cope foundation', 'scartagh', '', '', 'clonakilty', 'cork', 'ireland'),
(127, '214891472', '862592101', 'byrnem@cope-foundation.ie', '', 'cope foundation - duplicate', 'scartagh', '', '', 'clonakilty', 'cork', 'ireland'),
(128, '749361113', NULL, '', '', 'crana college', 'crana road', '', '', 'buncrana', 'donegal', 'ireland'),
(129, NULL, '861572013', '', '', 'crowhill', 'ballinoosky', '', '', 'newmarket on fergus', 'clare', 'ireland'),
(130, NULL, '861572013', '', '', 'crowhill', 'ballinoosky', '', '', 'newmarket on fergus', 'clare', 'ireland'),
(131, NULL, '861572013', '', '', 'crowhill', 'ballinoosky', '', '', 'newmarket on fergus', 'clare', 'ireland'),
(132, '749125624', NULL, 'georgina.mccudden@hse.ie', '', 'cuanannie day services', '', 'ballyraine industrial estate', '', 'letterkenny', 'donegal', 'ireland'),
(133, '749125624', NULL, 'georgina.mccudden@hse.ie', '', 'cuanannie day services', '', 'ballyraine industrial estate', '', 'letterkenny', 'donegal', 'ireland'),
(134, '749125624', NULL, 'georgina.mccudden@hse.ie', '', 'cuanannie day services', 'ballyraine industrial estate', '', '', 'letterkenny', 'donegal', 'ireland'),
(135, '749125624', NULL, 'georgina.mccudden@hse.ie', '', 'cuanannie day services', 'ballyraine industrial estate', '', '', 'letterkenny', 'donegal', 'ireland'),
(136, '214922000', NULL, 'mourice.oriordan@hse.ie', '', 'cuh cork - ward 5b', '5th floor', 'wilton', '', 'cork', 'cork', 'ireland'),
(137, '2645342', NULL, 'cuilaodhans@eircom.net', '', 'cuil aodha national', 'cuil aodha', 'macroom', '', 'macroom', 'cork', 'ireland'),
(138, '12353202', NULL, 'siobhan.turner@hse.ie', '', 'dalkey community unit', 'kilbegnet close', '', '', 'dalkey', 'dublin', 'ireland'),
(139, '61501443', NULL, 'oonagh.magner@lim-docservice.ie', '', 'daughters of charity', 'st. vincents', 'nagle house', '', 'lisnagry', 'limerick', 'ireland'),
(140, '61501443', NULL, 'oonagh.magner@lim-docservice.ie', '', 'daughters of charity', 'san joseph respite,', 'ballysimon road', '', 'lisnagry', 'limerick', 'ireland'),
(141, '61501443', NULL, 'oonagh.magner@lim-docservice.ie', '', 'daughters of charity', 'swimming pool', 'san joseph ballysimon road', '', 'lisnagry', 'limerick', 'ireland'),
(142, '18383234', NULL, '', '', 'daughter''s of charity', 'st. vincent''s', 'navan road', 'irini house-madge mccabe', 'dublin 7', '', 'ireland'),
(143, '18383234', NULL, '', '', 'daughter''s of charity', 'st. vincent''s', 'navan road', 'caoimhir-marie murphy', 'dublin 7', '', 'ireland'),
(144, '50521572', NULL, 'liam.carson@hse.ie', '', 'dean maxwell community nursing unit', 'the valley', '', '', 'roscrea', 'tipperary', 'ireland'),
(145, '667134289', NULL, '', '', 'deidre courtney', '', '', '', 'ardfert', 'kerry', 'ireland'),
(146, '6742336', NULL, 'mmoloney@mwhb.ie', '', 'derg center', 'gortlandroe', '', '', 'nenagh', 'tipperary', 'ireland'),
(147, '6742336', NULL, 'mmoloney@mwhb.ie', '', 'derg center', 'gortlandroe', '', '', 'nenagh', 'tipperary', 'ireland'),
(148, NULL, '872486745', 'eimear.goulding@hse.ie', '', 'disability services', 'south west wing', 'st josephs hospital', 'limerick', 'limerick', 'limerick', 'ireland'),
(149, '18245328', NULL, 'purchasing.stvin@docservice.ie', '', 'doc st vincents centre', 'navan road', '(for anna gill - caoimhin)', '', 'dublin', 'dublin', 'ireland'),
(150, '6840226', NULL, 'Dromc@eircom.net', '', 'dromclough n.s.', 'listowel', '', '', 'listowel', 'kerry', 'ireland'),
(151, '749521160', '749521044', '', '', 'dungloe district hospital', 'gweedore road', '', '', 'dungloe', 'donegal', 'ireland'),
(152, '749521160', '749521044', '', '', 'dungloe district hospital', 'gweedore road', '', '', 'dungloe', 'donegal', 'ireland'),
(153, '749521160', '749521044', '', '', 'dungloe district hospital', 'gweedore road', '', '', 'dungloe', 'donegal', 'ireland'),
(154, '749521160', '749521044', '', '', 'dungloe district hospital', 'gweedore road', '', '', 'dungloe', 'donegal', 'ireland'),
(155, '749521160', '749521044', '', '', 'dungloe district hospital', 'gweedore road', '', '', 'dungloe', 'donegal', 'ireland'),
(156, '238845349', NULL, 'jenniferdeasy@corkcoco.ie', '', 'dunmanway swimming pool', 'bantry road', '', '', 'dunmanway', 'cork', 'ireland'),
(157, '238845349', NULL, 'jenniferdeasy@corkcoco.ie', '', 'dunmanway swimming pool', 'bantry road', '', '', 'dunmanway', 'cork', 'ireland'),
(158, '214294803', NULL, '', '', 'enable ireland', 'lavanagh centre', '', '', 'ballintemple', 'cork', 'ireland'),
(159, '656943047', NULL, 'akildea@enableireland.ie', '', 'enable ireland', 'clonroad business park', 'clon road', '', 'ennis', 'clare', 'ireland'),
(160, '12695355', '1615900', '', '', 'enable ireland', 'st brendan''s', 'sandymount ave', 'dublin 4', 'ballsbridge', 'dublin', 'ireland'),
(161, '667120767', NULL, '', '', 'enable ireland', 'drumraymond house', 'mamoir west', '', 'tralee', 'kerry', 'ireland'),
(162, '667120767', NULL, '', '', 'enable ireland', 'drumraymond house', 'mamoir west', '', 'tralee', 'kerry', 'ireland'),
(163, '667181746', NULL, '', '', 'enable ireland', 'adult center', 'edward street', '', 'tralee', 'kerry', 'ireland'),
(164, '214294803', NULL, '', '', 'enable ireland', 'lavanagh centre', 'ballintemple', '', 'cork', 'cork', 'ireland'),
(165, NULL, '861559431', 'info@enablesupplies.com', '', 'enable supplies', 'carrigaline', '', '', '', '', 'ireland'),
(166, NULL, '876143399', 'marc.egan@enablesupplies.com', '', 'enable supplies', '7 kilnagleary business park', '', '', 'carrigaline', 'cork', 'ireland'),
(167, '749135104', NULL, '', '', 'falcarragh nursing home', '', '', '', 'falcarragh', 'donegal', 'ireland'),
(168, '2533272', NULL, 'fermoyleisurecentre@eircom.net', '', 'fermoy leisure centre', '', '', '', 'fermoy', 'cork', 'ireland'),
(169, '12720704', '863549755', 'jillcarey@festinalente.ie', '', 'festina lente enterprises ltd.', 'old conaught avenue', '', '', 'bray', 'wicklow', 'ireland'),
(170, '2890903355', NULL, 'yvoone.mckibbin@belfasttrust.hscni.net', '', 'forest lodge respite childrens home', 'stockmans lane, musgrave park hospital', 'bt9 7jb', '', 'belfast', 'antrim', 'ireland'),
(171, '2242709', NULL, '', '', 'gael scoil', 'thomas david', 'summerhill', '', 'mallow', 'cork', 'ireland'),
(172, NULL, '867924282', '', '', 'galway p.c.c.c. stores', 'briarhill business park', '', '', 'ballybrit', 'galway', 'ireland'),
(173, '868324700', NULL, '', '', 'garryhankard house', '', '', '', 'upton', 'cork', 'ireland'),
(174, '214871303', NULL, 'ocallaghanp@headway.ie', '', 'headway', 'unit 3b', 'link road business park', '', '', 'cork', 'ireland'),
(175, '18374444', NULL, 'eustace@highfieldhaelthcare.ie', '', 'highfield hospital', 'single room 2nd floor corridor 3', 'swords rd', '', 'whitehall, d9', 'dublin', 'ireland'),
(176, '18374444', NULL, 'eustace@highfieldhaelthcare.ie', '', 'highfield hospital', '4 bed bathroom', 'swords rd', '', 'whitehall, d9', 'dublin', 'ireland'),
(177, '18374444', NULL, 'eustace@highfieldhaelthcare.ie', '', 'highfield hospital', 'single room 2nd floor corridor 3', 'swords rd', '', 'whitehall, d9', 'dublin', 'ireland'),
(178, '18374444', NULL, 'eustace@highfieldhaelthcare.ie', '', 'highfield hospital', 'single room 2nd floor corridor 3', 'swords rd', '', 'whitehall, d9', 'dublin', 'ireland'),
(179, '18374444', NULL, 'eustace@highfieldhaelthcare.ie', '', 'highfield hospital', '4 bedwards', 'swords rd', '', 'whitehall, d10', 'dublin', 'ireland'),
(180, '18374444', NULL, 'eustace@highfieldhaelthcare.ie', '', 'highfield hospital', 'single room 2nd floor corridor 3', 'swords rd', '', 'whitehall, d9', 'dublin', 'ireland'),
(181, '18374444', NULL, 'eustace@highfieldhaelthcare.ie', '', 'highfield hospital', 'double room 1st floor', 'swords rd', '', 'whitehall, d9', 'dublin', 'ireland'),
(182, '18374444', NULL, 'eustace@highfieldhaelthcare.ie', '', 'highfield hospital', '4bed 1st floor', 'swords rd', '', 'whitehall, d9', 'dublin', 'ireland'),
(183, '18374444', NULL, 'eustace@highfieldhaelthcare.ie', '', 'highfield hospital', 'single room 2nd floor corridor 3', 'swords rd', '', 'whitehall, d9', 'dublin', 'ireland'),
(184, '18374444', NULL, 'eustace@highfieldhaelthcare.ie', '', 'highfield hospital', 'single room 2nd floor corridor 3', 'swords rd', '', 'whitehall, d9', 'dublin', 'ireland'),
(185, '18374444', NULL, 'eustace@highfieldhaelthcare.ie', '', 'highfield hospital', 'single room 1st floor', 'swords rd', '', 'whitehall, d9', 'dublin', 'ireland'),
(186, '18374444', NULL, 'eustace@highfieldhaelthcare.ie', '', 'highfield hospital', 'single room 2nd floor', 'swords rd', '', 'whitehall, d9', 'dublin', 'ireland'),
(187, '18374444', NULL, 'eustace@highfieldhaelthcare.ie', '', 'highfield hospital', 'bathroom corridor 3, 2nd floor', 'swords rd', '', 'whitehall, d9', 'dublin', 'ireland'),
(188, '18374444', NULL, 'eustace@highfieldhaelthcare.ie', '', 'highfield hospital', 'single room 2nd floor', 'swords rd', '', 'whitehall, d9', 'dublin', 'ireland'),
(189, '18374444', NULL, 'eustace@highfieldhaelthcare.ie', '', 'highfield hospital', '', 'swords rd', '', 'whitehall, d9', 'dublin', 'ireland'),
(190, '18374444', NULL, 'eustace@highfieldhaelthcare.ie', '', 'highfield hospital', 'single room 2nd floor corridor 3', 'swords rd', '', 'whitehall, d9', 'dublin', 'ireland'),
(191, '18374444', NULL, 'eustace@highfieldhaelthcare.ie', '', 'highfield hospital', 'single room 2nd floor', 'swords rd', '', 'whitehall, d9', 'dublin', 'ireland'),
(192, '18374444', NULL, 'eustace@highfieldhaelthcare.ie', '', 'highfield hospital', 'single room 2nd floor', 'swords rd', '', 'whitehall, d9', 'dublin', 'ireland'),
(193, '18374444', NULL, 'eustace@highfieldhaelthcare.ie', '', 'highfield hospital', 'single room 1st floor', 'swords rd', '', 'whitehall, d9', 'dublin', 'ireland'),
(194, '18374444', NULL, 'eustace@highfieldhaelthcare.ie', '', 'highfield hospital', 'single room 2nd floor', 'swords rd', '', 'whitehall, d9', 'dublin', 'ireland'),
(195, '18374444', NULL, 'eustace@highfieldhaelthcare.ie', '', 'highfield hospital', 'single room 2nd floor', 'swords rd', '', 'whitehall, d9', 'dublin', 'ireland'),
(196, '18374444', NULL, 'eustace@highfieldhaelthcare.ie', '', 'highfield hospital', 'single room 2nd floor', 'swords rd', '', 'whitehall, d9', 'dublin', 'ireland'),
(197, '18374444', NULL, 'eustace@highfieldhaelthcare.ie', '', 'highfield hospital', 'bg single room corridor 2 floor 2', 'swords rd', '', 'whitehall, d9', 'dublin', 'ireland'),
(198, '18374444', NULL, 'eustace@highfieldhaelthcare.ie', '', 'highfield hospital', 'single room 2nd floor corridor 2', 'swords rd', '', 'whitehall, d9', 'dublin', 'ireland'),
(199, '18374444', NULL, 'eustace@highfieldhaelthcare.ie', '', 'highfield hospital', 'bg single room corridor 2 floor 2', 'swords rd', '', 'whitehall, d9', 'dublin', 'ireland'),
(200, '18374444', NULL, 'eustace@highfieldhaelthcare.ie', '', 'highfield hospital', 'single room 2nd floor corridor 3', 'swords rd', '', 'whitehall, d9', 'dublin', 'ireland'),
(201, '18374444', NULL, 'eustace@highfieldhaelthcare.ie', '', 'highfield hospital', 'single room 2nd floor corridor 3', 'swords rd', '', 'whitehall, d9', 'dublin', 'ireland'),
(202, '18374444', NULL, 'eustace@highfieldhaelthcare.ie', '', 'highfield hospital', 'bathroom 2nd floor corridor 2', 'swords rd', '', 'whitehall, d9', 'dublin', 'ireland'),
(203, NULL, '18374444', 'eustace@highfieldhaelthcare.ie', '', 'highfield hospital', '', 'swords rd', '', 'whitehall, d9', 'dublin', 'ireland'),
(204, '18374444', NULL, 'eustace@highfieldhaelthcare.ie', '', 'highfield hospital', 'single room 2nd floor corridor 2', 'swords rd', '', 'whitehall, d9', 'dublin', 'ireland'),
(205, '18374444', NULL, 'eustace@highfieldhaelthcare.ie', '', 'highfield hospital', 'bg single room corridor 2 floor 2', 'swords rd', '', 'whitehall, d9', 'dublin', 'ireland'),
(206, '18374444', NULL, 'eustace@highfieldhaelthcare.ie', '', 'highfield hospital', 'single room 2nd floor', 'swords rd', '', 'whitehall, d9', 'dublin', 'ireland'),
(207, '18374444', NULL, 'eustace@highfieldhaelthcare.ie', '', 'highfield hospital', 'single room 2nd floor', 'swords rd', '', 'whitehall, d9', 'dublin', 'ireland'),
(208, '599143911', NULL, 'sharon@theholyangels.org', '', 'holy angels day care centre', 'strawhall industrial est', '', '', 'carlow', 'carlow', 'ireland'),
(209, '6252744', '872050869', 'Donald Campbell [donald.campbell@iwa.ie]', '', 'i.w.a - south tipperary', '(ref johns court, the steeples)', 'brodeen', 'cashel rd', 'tipperary town', 'tipperary', 'ireland'),
(210, '876949083', NULL, '', '', 'i.w.a.', '', 'ballygoluge rd.', '', 'listowel', 'kerry', 'ireland'),
(211, NULL, '872645078', '', '', 'i.w.a.', 'phoenix lodge', 'sarsfield rd', '', 'limerick', 'limerick', 'ireland'),
(212, '61493034', '87226461', '', '', 'i.w.a.', 'block 1, sarsfield park,', '', '', 'rosbrien', 'limerick', 'ireland'),
(213, '61493034', '87226461', '', '', 'i.w.a.', 'block 1, sarsfield park,', '', '', 'rosbrien', 'limerick', 'ireland'),
(214, '18730422', NULL, 'thutchin@imnda.ie', '', 'imnda', '(for sharon friel - turvey cottages)', 'coleraine house', 'coleraine street', 'dublin 7', 'dublin', 'ireland'),
(215, '18186400', NULL, '', '', 'irish wheelchair association', 'black heath drive', 'clontarf', '', 'dublin 3', 'dublin', 'ireland'),
(216, '16302414', NULL, '', '', 'irish wheelchair association/lucan', '', 'londonbridge road', 'irishtown', 'dublin 4', 'dublin', 'ireland'),
(217, NULL, '868142211', '', '', 'jd contracting', '7 melrose gardens', '', '', 'clondalkin', 'dublin', 'ireland'),
(218, '51641892', NULL, 'heatherlynchjournyman@gmail.com', '', 'journey man centre', 'ballynagarra', '', '', 'carrick on suir', 'tipperary', 'ireland'),
(219, '51641892', NULL, 'heatherlynchjournyman@gmail.com', '', 'journey man centre', 'ballynagarra', '', '', 'carrick on suir', 'tipperary', 'ireland'),
(220, '51641892', NULL, 'heatherlynchjournyman@gmail.com', '', 'journey man centre', 'ballynagarra', '', '', 'carrick on suir', 'tipperary', 'ireland'),
(221, '51641892', NULL, 'heatherlynchjournyman@gmail.com', '', 'journey man centre', 'ballynagarra', 'well road', '', 'carrick on suir', 'tipperary', 'ireland'),
(222, '51641892', NULL, 'heatherlynchjournyman@gmail.com', '', 'journey man centre', 'ballynagarra', 'well road', '', 'carrick on suir', 'tipperary', 'ireland'),
(223, '2950024', '872066643', 'margaretb.fitzgerald@hse.ie', '', 'kanturk community hospital', 'st. theresa''s ward', '', '', 'kanturk', 'cork', 'ireland'),
(224, '2950024', '872066643', 'margaretb.fitzgerald@hse.ie', '', 'kanturk community hospital', 'room 20 st marys unit', '', '', 'kanturk', 'cork', 'ireland'),
(225, '2950024', '872066643', 'margaretb.fitzgerald@hse.ie', '', 'kanturk community hospital', '', '', '', 'kanturk', 'cork', 'ireland'),
(226, '646641088', NULL, 'margaret.osullivan7@hse.ie', '', 'kenmare community unit', 'room 4', '', '', 'kenmare', 'kerry', 'ireland'),
(227, '646641088', NULL, 'margaret.osullivan7@hse.ie', '', 'kenmare community unit', 'room 13 upstairs', '2nd ward', '', 'kenmare', 'kerry', 'ireland'),
(228, '646641088', NULL, 'margaret.osullivan7@hse.ie', '', 'kenmare community unit', 'room r 36', '', '', 'kenmare', 'kerry', 'ireland'),
(229, '646641088', NULL, 'margaret.osullivan7@hse.ie', '', 'kenmare community unit', 'room r 55', '', '', 'kenmare', 'kerry', 'ireland'),
(230, '646641088', NULL, 'margaret.osullivan7@hse.ie', '', 'kenmare community unit', 'room 12 upstairs', '2nd ward', '', 'kenmare', 'kerry', 'ireland'),
(231, '646641088', NULL, 'margaret.osullivan7@hse.ie', '', 'kenmare community unit', '', '', '', 'kenmare', 'kerry', 'ireland'),
(232, '646641088', NULL, 'margaret.osullivan7@hse.ie', '', 'kenmare community unit', 'room 9 upstairs', '2nd ward', '', 'kenmare', 'kerry', 'ireland'),
(233, '646641088', NULL, 'margaret.osullivan7@hse.ie', '', 'kenmare community unit', 'room 1 upstairs', '', '', 'kenmare', 'kerry', 'ireland'),
(234, '646641088', NULL, 'margaret.osullivan7@hse.ie', '', 'kenmare community unit', 'room r 58', '', '', 'kenmare', 'kerry', 'ireland'),
(235, '646641088', NULL, 'margaret.osullivan7@hse.ie', '', 'kenmare community unit', 'room r 124', '', '', 'kenmare', 'kerry', 'ireland'),
(236, '646641088', NULL, 'margaret.osullivan7@hse.ie', '', 'kenmare community unit', 'room r 63', '', '', 'kenmare', 'kerry', 'ireland'),
(237, '646641088', NULL, 'margaret.osullivan7@hse.ie', '', 'kenmare community unit', 'room 10 upstairs', '2nd ward', '', 'kenmare', 'kerry', 'ireland'),
(238, '646641088', NULL, 'margaret.osullivan7@hse.ie', '', 'kenmare community unit', 'room r 50', '', '', 'kenmare', 'kerry', 'ireland'),
(239, '646641088', NULL, 'margaret.osullivan7@hse.ie', '', 'kenmare community unit', 'room 3 upstairs', '2nd ward', '', 'kenmare', 'kerry', 'ireland'),
(240, '646641088', NULL, 'margaret.osullivan7@hse.ie', '', 'kenmare community unit', 'room 7 upstairs', '2nd ward', '', 'kenmare', 'kerry', 'ireland'),
(241, '646641088', NULL, 'margaret.osullivan7@hse.ie', '', 'kenmare community unit', 'room r 106 physiotherapy', '', '', 'kenmare', 'kerry', 'ireland'),
(242, '646641088', NULL, 'margaret.osullivan7@hse.ie', '', 'kenmare community unit', 'room r 61', '', '', 'kenmare', 'kerry', 'ireland'),
(243, '646641088', NULL, 'margaret.osullivan7@hse.ie', '', 'kenmare community unit', 'room r 51', '', '', 'kenmare', 'kerry', 'ireland'),
(244, '646641088', NULL, 'margaret.osullivan7@hse.ie', '', 'kenmare community unit', 'room r 28', '', '', 'kenmare', 'kerry', 'ireland'),
(245, '646641088', NULL, 'margaret.osullivan7@hse.ie', '', 'kenmare community unit', 'room r 24', '', '', 'kenmare', 'kerry', 'ireland'),
(246, '646641088', NULL, 'margaret.osullivan7@hse.ie', '', 'kenmare community unit', 'room assisted bathroom', 'downstairs', '', 'kenmare', 'kerry', 'ireland'),
(247, '646641088', NULL, 'margaret.osullivan7@hse.ie', '', 'kenmare community unit', 'room 9 downstairs', '', '', 'kenmare', 'kerry', 'ireland'),
(248, '646641088', NULL, 'margaret.osullivan7@hse.ie', '', 'kenmare community unit', 'room 2 upstairs', '2nd ward', '', 'kenmare', 'kerry', 'ireland'),
(249, '646641088', NULL, 'margaret.osullivan7@hse.ie', '', 'kenmare community unit', 'room 5, top floor,', '', '', 'kenmare', 'kerry', 'ireland'),
(250, '646641088', NULL, 'margaret.osullivan7@hse.ie', '', 'kenmare community unit', 'room r 142', '', '', 'kenmare', 'kerry', 'ireland'),
(251, '646641088', NULL, 'margaret.osullivan7@hse.ie', '', 'kenmare community unit', 'room 16 downstairs', '', '', 'kenmare', 'kerry', 'ireland'),
(252, '646641088', NULL, 'margaret.osullivan7@hse.ie', '', 'kenmare community unit', 'room r 31', '', '', 'kenmare', 'kerry', 'ireland'),
(253, '646641088', NULL, 'margaret.osullivan7@hse.ie', '', 'kenmare community unit', 'assisted toilet downstairs', '', '', 'kenmare', 'kerry', 'ireland'),
(254, '646641088', NULL, 'margaret.osullivan7@hse.ie', '', 'kenmare community unit', 'room r 43', '', '', 'kenmare', 'kerry', 'ireland'),
(255, '646641088', NULL, 'margaret.osullivan7@hse.ie', '', 'kenmare community unit', 'room 6 upstairs', '2nd ward', '', 'kenmare', 'kerry', 'ireland'),
(256, '646641088', NULL, 'margaret.osullivan7@hse.ie', '', 'kenmare community unit', 'room r 32', '', '', 'kenmare', 'kerry', 'ireland'),
(257, '656832477', '879305804', 'kildysartns.ias@eircom.net', '', 'kildysart national school', '', '', '', 'kildysart', 'clare', 'ireland'),
(258, '567725812', '863334326', '', '', 'kilkenny community services', 'westcourt', '', '', 'callan', 'kilkenny', 'ireland'),
(259, '667135644', NULL, 'doyg@eircom.net', '', 'killahan national school', 'abbeydorney', '', '', 'tralee', 'kerry', 'ireland'),
(260, '214772202', NULL, 'nualaoreily@hse.ie', '', 'kinsale community hospital', '', '', '', 'kinsale', 'cork', 'ireland'),
(261, '214772202', NULL, 'nualaoreily@hse.ie', '', 'kinsale community hospital', 'fallop room', '', '', 'kinsale', 'cork', 'ireland'),
(262, '214772202', NULL, 'nualaoreily@hse.ie', '', 'kinsale community hospital', '2 bed, male', 'st. kevin''s room', '', 'kinsale', 'cork', 'ireland'),
(263, '214772202', NULL, 'nualaoreily@hse.ie', '', 'kinsale community hospital', 'altrso room', '', '', 'kinsale', 'cork', 'ireland'),
(264, '214772202', NULL, 'nualaoreily@hse.ie', '', 'kinsale community hospital', 'female ward', '', '', 'kinsale', 'cork', 'ireland'),
(265, '214772202', NULL, 'nualaoreily@hse.ie', '', 'kinsale community hospital', '4 bed, male, end room', '', '', 'kinsale', 'cork', 'ireland'),
(266, '214772202', NULL, 'nualaoreily@hse.ie', '', 'kinsale community hospital', '4 bed, male', '', '', 'kinsale', 'cork', 'ireland'),
(267, '6849130', NULL, '', '', 'knockanure national school', 'moyvane', '', '', 'listowel', 'kerry', 'ireland'),
(268, '6849130', NULL, '', '', 'knockanure national school', 'moyvane', '', '', 'listowel', 'kerry', 'ireland'),
(269, NULL, '861613140', 'lindamccarthy@live.ie', '', 'linda mccarthy', 'derrygrath', '', '', 'clonmel', 'tipperary', 'ireland'),
(270, NULL, '861613140', 'lindamccarthy@live.ie', '', 'linda mccarthy', 'derrygrath', '', '', 'clonmel', 'tipperary', 'ireland'),
(271, '749150943', '868375812', '', '', 'little angels school', 'knocknamona', '', '', 'letterkenny', 'donegal', 'ireland'),
(272, '749122456', '868375812', '', '', 'little angels school', 'knocknamona', '', '', 'letterkenny', 'donegal', 'ireland'),
(273, '567765132', NULL, 'principal@lorrettokk.ie', '', 'loretto secondary school', 'granges road', '', '', 'kilkenny', 'kilkenny', 'ireland'),
(274, '567765132', NULL, 'principal@lorrettokk.ie', '', 'loretto secondary school', 'granges road', '', '', 'kilkenny', 'kilkenny', 'ireland'),
(275, '91871200', NULL, 'bernie.austin@hse.ie', '', 'loughrea community nursing unit', 'crannogs,room7', '', '', 'loughrea', 'galway', 'ireland'),
(276, '91871200', NULL, 'bernie.austin@hse.ie', '', 'loughrea community nursing unit', '1st floor block a', 'assisted bathroom', '', 'loughrea', 'galway', 'ireland'),
(277, '91871200', NULL, 'bernie.austin@hse.ie', '', 'loughrea community nursing unit', 'cooreen assyst bath room', '', '', 'loughrea', 'galway', 'ireland'),
(278, '91871200', NULL, 'bernie.austin@hse.ie', '', 'loughrea community nursing unit', 'crannogs,room20', '', '', 'loughrea', 'galway', 'ireland'),
(279, '91871200', NULL, 'bernie.austin@hse.ie', '', 'loughrea community nursing unit', 'knock ash,room17', '', '', 'loughrea', 'galway', 'ireland'),
(280, '91871200', NULL, 'bernie.austin@hse.ie', '', 'loughrea community nursing unit', 'crannogs assyst bath room', '', '', 'loughrea', 'galway', 'ireland'),
(281, '91871200', NULL, 'bernie.austin@hse.ie', '', 'loughrea community nursing unit', 'sliabh aughty,room20', '', '', 'loughrea', 'galway', 'ireland'),
(282, '91871200', NULL, 'bernie.austin@hse.ie', '', 'loughrea community nursing unit', 'knock ash,room1 (twin)', '', '', 'loughrea', 'galway', 'ireland'),
(283, '91871200', NULL, 'bernie.austin@hse.ie', '', 'loughrea community nursing unit', 'sliabh aughty,room7', '', '', 'loughrea', 'galway', 'ireland'),
(284, '91871200', NULL, 'bernie.austin@hse.ie', '', 'loughrea community nursing unit', 'cooreen,room20', '', '', 'loughrea', 'galway', 'ireland'),
(285, '91871200', NULL, 'bernie.austin@hse.ie', '', 'loughrea community nursing unit', 'cooreen,room6', '', '', 'loughrea', 'galway', 'ireland'),
(286, '91871200', NULL, 'bernie.austin@hse.ie', '', 'loughrea community nursing unit', 'cooreen,room15', '', '', 'loughrea', 'galway', 'ireland'),
(287, '91871200', NULL, 'bernie.austin@hse.ie', '', 'loughrea community nursing unit', 'sliabh aughty,room21', '', '', 'loughrea', 'galway', 'ireland'),
(288, '91871200', NULL, 'bernie.austin@hse.ie', '', 'loughrea community nursing unit', 'knock ash,room5', '', '', 'loughrea', 'galway', 'ireland'),
(289, '91871200', NULL, 'bernie.austin@hse.ie', '', 'loughrea community nursing unit', 'crannogs,room17', '', '', 'loughrea', 'galway', 'ireland'),
(290, '91871200', NULL, 'bernie.austin@hse.ie', '', 'loughrea community nursing unit', 'knock ash,room16', '', '', 'loughrea', 'galway', 'ireland'),
(291, '91871200', NULL, 'bernie.austin@hse.ie', '', 'loughrea community nursing unit', 'ground floor block a', 'assisted bathroom', '', 'loughrea', 'galway', 'ireland'),
(292, '91871200', NULL, 'bernie.austin@hse.ie', '', 'loughrea community nursing unit', 'cooreen,room11', '', '', 'loughrea', 'galway', 'ireland'),
(293, '91871200', NULL, 'bernie.austin@hse.ie', '', 'loughrea community nursing unit', 'crannogs,room9', '', '', 'loughrea', 'galway', 'ireland'),
(294, '91871200', NULL, 'bernie.austin@hse.ie', '', 'loughrea community nursing unit', 'cooreen,room16', '', '', 'loughrea', 'galway', 'ireland'),
(295, '91871200', NULL, 'bernie.austin@hse.ie', '', 'loughrea community nursing unit', 'sliabh aughty,room8', '', '', 'loughrea', 'galway', 'ireland'),
(296, '91871200', NULL, 'bernie.austin@hse.ie', '', 'loughrea community nursing unit', 'knock ash,room22', '', '', 'loughrea', 'galway', 'ireland'),
(297, '91871200', NULL, 'bernie.austin@hse.ie', '', 'loughrea community nursing unit', 'sliabh aughty,room3', '', '', 'loughrea', 'galway', 'ireland'),
(298, '91871200', NULL, 'bernie.austin@hse.ie', '', 'loughrea community nursing unit', 'knock ash assyst bath room', '', '', 'loughrea', 'galway', 'ireland'),
(299, '91871200', NULL, 'bernie.austin@hse.ie', '', 'loughrea community nursing unit', 'sliabh aughty,room11', '', '', 'loughrea', 'galway', 'ireland'),
(300, '91871200', NULL, 'bernie.austin@hse.ie', '', 'loughrea community nursing unit', 'cooreen,room19', '', '', 'loughrea', 'galway', 'ireland'),
(301, '91871200', NULL, 'bernie.austin@hse.ie', '', 'loughrea community nursing unit', 'cooreen,room2 (twin)', '', '', 'loughrea', 'galway', 'ireland'),
(302, '91871200', NULL, 'bernie.austin@hse.ie', '', 'loughrea community nursing unit', 'ground floor block b', 'assisted bathroom', '', 'loughrea', 'galway', 'ireland'),
(303, '91871200', NULL, 'bernie.austin@hse.ie', '', 'loughrea community nursing unit', 'crannogs,room19', '', '', 'loughrea', 'galway', 'ireland'),
(304, '91871200', NULL, 'bernie.austin@hse.ie', '', 'loughrea community nursing unit', 'knock ash,room3', '', '', 'loughrea', 'galway', 'ireland'),
(305, '91871200', NULL, 'bernie.austin@hse.ie', '', 'loughrea community nursing unit', 'sliabh aughty,room18', '', '', 'loughrea', 'galway', 'ireland'),
(306, '91871200', NULL, 'bernie.austin@hse.ie', '', 'loughrea community nursing unit', 'knock ash,room7', '', '', 'loughrea', 'galway', 'ireland'),
(307, '91871200', NULL, 'bernie.austin@hse.ie', '', 'loughrea community nursing unit', 'sliabh aughty assyst bath room', '', '', 'loughrea', 'galway', 'ireland'),
(308, '2641002', NULL, 'Bernie.Buckley@hse.ie', '', 'macroom community hospital', '', '', '', 'macroom', 'cork', 'ireland'),
(309, '2641002', NULL, 'Bernie.Buckley@hse.ie', '', 'macroom community hospital', 'end day room', '', '', 'macroom', 'cork', 'ireland'),
(310, '2641002', NULL, 'Bernie.Buckley@hse.ie', '', 'macroom community hospital', 'barra 3 bed', '', '', 'macroom', 'cork', 'ireland'),
(311, '16106351', NULL, 'nuala.nolan@hse.ie', '', 'maynooth community care centre', 'room 25 - fitzgerald ward', 'leinster st.', '', 'maynooth', 'kildare', 'ireland'),
(312, '16106351', NULL, 'nuala.nolan@hse.ie', '', 'maynooth community care centre', 'geraldine ward, daffodil room 8', '', '', 'maynooth', 'kildare', 'ireland'),
(313, '16106351', NULL, 'nuala.nolan@hse.ie', '', 'maynooth community care centre', 'primrose room 6', 'leinster st.', '', 'maynooth', 'kildare', 'ireland'),
(314, '16106351', NULL, 'nuala.nolan@hse.ie', '', 'maynooth community care centre', 'lilly room 3', 'leinster st.', '', 'maynooth', 'kildare', 'ireland'),
(315, '16106351', NULL, 'nuala.nolan@hse.ie', '', 'maynooth community care centre', 'geraldine ward bathroom 1st floor', 'leinster st.', '', 'maynooth', 'kildare', 'ireland'),
(316, '16106351', NULL, 'nuala.nolan@hse.ie', '', 'maynooth community care centre', 'lilly room 3', 'leinster st.', '', 'maynooth', 'kildare', 'ireland'),
(317, '16106351', NULL, 'nuala.nolan@hse.ie', '', 'maynooth community care centre', 'fitzgerald ward bathroom', 'leinster st.', '', 'maynooth', 'kildare', 'ireland'),
(318, '16106351', NULL, 'nuala.nolan@hse.ie', '', 'maynooth community care centre', '', 'leinster st.', '', 'maynooth', 'kildare', 'ireland'),
(319, '16106351', '16106361', 'nuala.nolan@hse.ie', '', 'maynooth community care centre', 'fitzgerald ward room 33', '', '', 'maynooth', 'kildare', 'ireland'),
(320, '16106351', NULL, 'nuala.nolan@hse.ie', '', 'maynooth community care centre', 'geraldine ward bathroom 1st floor', 'leinster st.', '', 'maynooth', 'kildare', 'ireland'),
(321, '17077909', NULL, 'pamala.emnis@hse.ie', '', 'meath hospital', 'o.t. room', 'heytesbury street', 'dublin 8', 'dublin', '', 'ireland'),
(322, '91775323', '876159891', 'alan.corcoran@hse.ie', '', 'merlin park hospital', 'unit 10a seating clinic', '', '', 'galway', 'galway', 'ireland'),
(323, '91775323', NULL, 'alan.corcoran@hse.ie', '', 'merlin park hospital', 'unit 3 merlin park university hosp', '', '', 'galway', 'galway', 'ireland'),
(324, '214635300', NULL, 'katherine.duran@hse.ie', '', 'middleton community hospital', '', '', '', 'middleton', 'cork', 'ireland'),
(325, '9249257', NULL, 'yburd@midwayservices.ie', '', 'midway services', 'clima hall', 'oldcastle road', '', 'kells', 'meath', 'ireland'),
(326, '51447200', '872609289', 'info@millhousecarecentre.com', '', 'millhouse care centre', 'newtown', 'cummons', '', 'newross', 'wexford', 'ireland'),
(327, '2970087', NULL, '', '', 'millstreet community school', '', '', '', 'millstreet', 'cork', 'ireland'),
(328, '2970087', NULL, '', '', 'millstreet community school', '', '', '', 'millstreet', 'cork', 'ireland'),
(329, '499522802', NULL, '', '', 'milltown national school', '', '', '', 'belturbet', 'cavan', 'ireland'),
(330, '16465000', NULL, 'dermot.duke@hse.ie', '', 'mortuarty - connolly hospital', 'blanchardstown', '', '', 'dublin 15', 'dublin', 'ireland'),
(331, '2258402', NULL, 'garrett.hayes@hse.ie', '', 'mount alvernia hospital', '', '', '', 'mallow', 'cork', 'ireland'),
(332, '4890902000', NULL, '', '', 'musgrave park hospital', 'regional aquired brain injury unit', 'bt9 7jb', '', 'belfast', 'antrim', 'ireland'),
(333, '6821942', NULL, '', '', 'nano nagle school', '', '', '', 'listowel', 'kerry', 'ireland'),
(334, '16464300', '860429881', 'Sarah  Hynes', '', 'national aquatic centre', 'snugborough road', 'blanchardstown', '', 'dublin 15', 'dublin', 'ireland'),
(335, '16464300', NULL, 'sales@nac.ie', '', 'national aquatic centre', 'snugborough road', 'blanchardstown', '', 'dublin 15', 'dublin', 'ireland'),
(336, '16464300', NULL, 'Sarah  Hynes', '', 'national aquatic centre', 'snugborough road', 'blanchardstown', '', 'dublin 15', 'dublin', 'ireland'),
(337, '5281555', NULL, 'clonmel@ntdi.ie', '', 'national learning network', 'roseville', 'western rd', '', 'clonmel', 'tipperary', 'ireland'),
(338, '5281555', NULL, 'clonmel@ntdi.ie', '', 'national learning network', 'roseville', 'western rd', '', 'clonmel', 'tipperary', 'ireland'),
(339, '51421266', NULL, 'beryl.mckee@hse.ie', '', 'new haughton hospital', 'ward 4', '', '', 'new ross', 'wexford', 'ireland'),
(340, '51421266', NULL, 'beryl.mckee@hse.ie', '', 'new haughton hospital', 'single bedroom', 'top floor', '', 'new ross', 'wexford', 'ireland'),
(341, '51421266', NULL, 'beryl.mckee@hse.ie', '', 'new haughton hospital', 'assisted bathroom', 'top floor', '', 'new ross', 'wexford', 'ireland'),
(342, '51421266', NULL, 'beryl.mckee@hse.ie', '', 'new haughton hospital', 'day care centre', '', '', 'new ross', 'wexford', 'ireland'),
(343, '51421266', NULL, 'beryl.mckee@hse.ie', '', 'new haughton hospital', 'day care centre', '', '', 'new ross', 'wexford', 'ireland'),
(344, '51421266', NULL, 'beryl.mckee@hse.ie', '', 'new haughton hospital', 'day care centre', 'ground floor', 'clonmines ward', 'new ross', 'wexford', 'ireland'),
(345, '51421266', NULL, 'beryl.mckee@hse.ie', '', 'new haughton hospital', 'ground floor', 'jerpoint ward', '', 'new ross', 'wexford', 'ireland'),
(346, '51421266', NULL, 'beryl.mckee@hse.ie', '', 'new haughton hospital', 'day care centre', '', '', 'new ross', 'wexford', 'ireland'),
(347, '12974100', '872790430', '', '', 'newbridge respite centre', '', '', '', 'newbridge', 'kildare', 'ireland'),
(348, '12974100', '872790430', '', '', 'newbridge respite centre', '', '', '', 'newbridge', 'kildare', 'ireland'),
(349, '12974100', '872790430', '', '', 'newbridge respite centre', '356 strand house road', '', '', 'newbridge', 'kildare', 'ireland'),
(350, '12974100', '872790430', '', '', 'newbridge respite centre', '', '', '', 'newbridge', 'kildare', 'ireland'),
(351, '91768700', NULL, '', '', 'newgrove housing association', 'rehab care', '24 heather grove', '', 'ballybane', 'galway', 'ireland'),
(352, '91768700', NULL, '', '', 'newgrove housing association', 'rehab care', '24 heather grove', '', 'ballybane', 'galway', 'ireland'),
(353, '61378566', '863569340', 'newportdcc@outlook.ie', '', 'newport daycare centre', 'church rd', '', '', 'newport', 'tipperary', 'ireland'),
(354, '61378566', '863569340', 'newportdcc@outlook.ie', '', 'newport daycare centre', 'church rd', '', '', 'newport', 'tipperary', 'ireland'),
(355, '61378566', '863569340', 'newportdcc@outlook.ie', '', 'newport daycare centre', 'church rd', '', '', 'newport', 'tipperary', 'ireland'),
(356, '61378566', '863569340', 'newportdcc@outlook.ie', '', 'newport daycare centre', 'church rd', '', '', 'newport', 'tipperary', 'ireland'),
(357, '214887272', '877786620', 'minanebridgens.ias@eircom.net', '', 'ns cnoc na manach', '', '', '', 'minane bridge', 'cork', 'ireland'),
(358, '214887272', '877786620', '', '', 'ns cnoc na manach', '', '', '', 'minane bridge', 'cork', 'ireland'),
(359, '4890329989', '447793652937', '', '', 'oaklee house', 'springfield ave', 'house 7', '', 'belfast', 'antrim', 'ireland'),
(360, '447793652937', NULL, '', '', 'oaklee house', 'springfield ave', 'house no. 8', '', 'belfast', 'antrim', 'ireland'),
(361, '447793652937', NULL, '', '', 'oaklee house', 'springfield ave', 'house no. 2', '', 'belfast', 'antrim', 'ireland'),
(362, '447793652937', NULL, '', '', 'oaklee house', 'springfield ave', 'house 6', '', 'belfast', 'antrim', 'ireland'),
(363, '214646080', '872366498', 'ossice@oaklodgenursinghome.ie', '', 'oaklodge nursing home', 'churchtown south', '', '', 'cloyne', 'cork', 'ireland'),
(364, '2838394050', NULL, 'christina.drainey@foldgroup.co.uk', '', 'orange blossom cottage', 'knockeden', 'gilford park', '', 'portadown', 'armagh', 'ireland'),
(365, '2838394050', NULL, 'christina.drainey@foldgroup.co.uk', '', 'orange blossom cottage', 'knockeadan', 'gildford park', '', 'portadown', 'armagh', 'ireland'),
(366, '14096556', NULL, '', '', 'our lady''s hospital for sick children', '', '', '', 'crumlin', 'dublin', 'ireland'),
(367, '749131038', NULL, 'marie.aiken@hse.ie', '', 'parents & friends stranorlar', 'house 4 ard greine', 'mullindrait', '', 'stranorlar', 'donegal', 'ireland'),
(368, '749131038', NULL, 'marie.aiken@hse.ie', '', 'parents & friends stranorlar', 'house 3 ard greine', 'mullindrait', '', 'stranorlar', 'donegal', 'ireland'),
(369, '749131038', NULL, 'marie.aiken@hse.ie', '', 'parents & friends stranorlar', 'house 5 ard greine', 'mullindrait', '', 'stranorlar', 'donegal', 'ireland'),
(370, '779521388', NULL, 'yvoone.huston@hse.ie', '', 'pier mont house hostel.', 'teach piemount', 'church road', 'bathroom', 'dungloe', 'donegal', 'ireland'),
(371, NULL, '879272293', '', '', 'pobal scoil inbhear sceine', '', '', '', 'kenmare', 'kerry', 'ireland'),
(372, NULL, '879272293', '', '', 'pobal scoil inbhear sceine', '', '', '', 'kenmare', 'kerry', 'ireland'),
(373, '669477211', '872239933', 'portmageens@gmail.com', '', 'portmagee national school', '', '', '', 'portmagee', 'kerry', 'ireland'),
(374, '18038056', NULL, 'office@portcs.iol.ie', '', 'portmarnoch community school', '', '', '', 'portmarnock', 'dublin', 'ireland'),
(375, '18038056', NULL, 'office@portcs.iol.ie', '', 'portmarnoch community school', '', '', '', 'dublin', 'dublin', 'ireland'),
(376, '749121596', NULL, 'katherinemary.kelly@hse.ie', '', 'pre-school ballaghderg', 'day care centre', 'ballaghderg, mountain top', '', 'letterkenny', 'donegal', 'ireland'),
(377, NULL, '40446585', 'bnsrathdrum@gmail.com', '', 'rathdrum boys national school', 'rathdrum', '', '', 'rathdrum', 'wicklow', 'ireland'),
(378, '6743046', NULL, 'jonna.goranson@rehabcare.ie', '', 'rehab care', '1 connels road', '', '', 'nenagh', 'tipperary', 'ireland'),
(379, '214378238', NULL, 'ringaskiddyns@eircom .net', '', 'ringaskiddy national school', '', '', '', 'ringaskiddy', 'cork', 'ireland'),
(380, '214502586', NULL, '', '', 'rose construction', 'maglin road', '', '', 'ballincollig', 'cork', 'ireland'),
(381, '578662160', '866012188', '', '', 'rowanberry day centre', 'block road', '', '', 'portlaoise', 'laois', 'ireland'),
(382, '749145389', NULL, '', '', 'royal prior school', '', '', '', 'raphoe', 'donegal', 'ireland'),
(383, '749145389', NULL, '', '', 'royal secondary school', 'raphoe', '', '', 'lifford', 'donegal', 'ireland'),
(384, '749145389', NULL, '', '', 'royal secondary school', 'raphoe', '', '', 'lifford', 'donegal', 'ireland'),
(385, '5222838', '876296462', '', '', 's.e.h.b. o.t. dept.', 'kickhamarch', 'davis road', '', 'clonmel', 'tipperary', 'ireland'),
(386, '2828315', NULL, 'office@schullcommunitycollege.com', '', 'schull community college', 'colla road', '', '', 'schull', 'cork', 'ireland'),
(387, '6261338', '6261866', 'scoilcormac@eircom.net', '', 'scoil cormac', 'golden rd', '', '', 'cashel', 'tipperary', 'ireland'),
(388, '749155132', NULL, '', '', 'scoil eoin baiste', '', '', '', 'carrigart', 'donegal', 'ireland'),
(389, '719633223', NULL, '', '', 'scoil mhuire', 'convent of mercy', '', '', 'strokestown', 'roscommon', 'ireland'),
(390, '719633223', NULL, '', '', 'scoil mhuire', 'convent of mercy', '', '', 'strokestown', 'roscommon', 'ireland'),
(391, '749735925', NULL, '', '', 'sea-view house', '', '', '', 'mountcharles', 'donegal', 'ireland'),
(392, NULL, '872183842', 'Coomey, Carmel', '', 'sister of mercy', 'st. mary of the isles', 'sharman, crawford street', '', 'cork', 'cork', 'ireland'),
(393, '214316029', NULL, '', '', 'sister of mercy', 'st. mary of the isle', 'sharman, crawford street', '', 'cork', 'cork', 'ireland'),
(394, '214316029', '877718959', '', '', 'sister of mercy', 'st. mary of the isle', 'sharman, crawford street', '', 'cork', 'cork', 'ireland'),
(395, '214291851', NULL, '', '', 'sisters of african mission convent', 'ardfoyle', '', '', 'ballintemple', 'cork', 'ireland'),
(396, '238833391', NULL, '', '', 'sisters of mercy', 'aras muire', 'mccurtin hill', 'scartagh', 'clonakilty', 'cork', 'ireland'),
(397, '238833391', NULL, '', '', 'sisters of mercy', 'aras muire', 'mccurtin hill', 'scartagh', 'clonakilty', 'cork', 'ireland'),
(398, '238833391', NULL, '', '', 'sisters of mercy', 'aras muire', 'mccurtin hill', 'scartagh', 'clonakilty', 'cork', 'ireland'),
(399, '469074808', NULL, '', '', 'special care unit', '', '', '', 'navan', 'meath', 'ireland'),
(400, '469074808', NULL, '', '', 'special care unit', '', '', '', 'navan', 'meath', 'ireland'),
(401, '16250300', NULL, '', '', 'st  mary''s phoenix park', 'st mary''s', 'phoenix park', '', 'phoenix park', 'dublin', 'ireland'),
(402, '879098808', '12819485', '', '', 'st catherines special school', 'killmullen lane', 'newcastle', '', 'newcastle', 'wicklow', 'ireland'),
(403, '879098808', '866032852', '', '', 'st catherines special school', 'killmullen lane', 'newcastle', '', 'newcastle', 'wicklow', 'ireland'),
(404, NULL, NULL, '', '', '', '', '', '', '', '', ''),
(405, '12860440', NULL, '', '', 'st cronan''s boys n.s.', 'vevay crescent', 'vevay road', '', 'bray', 'wicklow', 'ireland'),
(406, '2524314', NULL, '', '', 'st fanahans college', 'mitchelstown', '', '', 'mitchelstown', 'cork', 'ireland'),
(407, '2524314', NULL, '', '', 'st fanahans college', 'mitchelstown', '', '', 'mitchelstown', 'cork', 'ireland'),
(408, '18294083', '860403617', 'wmaguire@sfh.ie', '', 'st francis hospice', 'blanchardstown', '', '', 'dublin 15', 'dublin', 'ireland'),
(409, '18294083', '860403617', 'wmaguire@sfh.ie', '', 'st francis hospice', 'blanchardstown', '', '', 'dublin 15', 'dublin', 'ireland'),
(410, '18294083', '860403617', '', '', 'st francis hospice', 'blanchardstown', '', '', 'dublin 15', 'dublin', 'ireland'),
(411, '18294083', '860403617', 'wmaguire@sfh.ie', '', 'st francis hospice', 'blanchardstown', '', '', 'dublin 15', 'dublin', 'ireland'),
(412, '18294083', '860403617', 'wmaguire', '', 'st francis hospice', 'blanchardstown', '', '', 'dublin 15', 'dublin', 'ireland'),
(413, '18294083', '860403617', 'wmaguire@sfh', '', 'st francis hospice', 'blanchardstown', '', '', 'dublin 15', 'dublin', 'ireland'),
(414, '2970003', NULL, '', '', 'st joseph''s community hospital', '', '', '', 'millstreet', 'cork', 'ireland'),
(415, '2970003', NULL, '', '', 'st joseph''s community hospital', '', '', '', 'millstreet', 'cork', 'ireland'),
(416, NULL, NULL, '', '', '', '', '', '', '', '', ''),
(417, '2970003', NULL, '', '', 'st joseph''s community hospital', '', '', '', 'millstreet', 'cork', 'ireland'),
(418, '2970003', NULL, '', '', 'st joseph''s community hospital', '', '', '', 'millstreet', 'cork', 'ireland'),
(419, '2970003', NULL, '', '', 'st joseph''s community hospital', '', '', '', 'millstreet', 'cork', 'ireland'),
(420, '18373696', '879752437', 'principal@stjosephsprimaryvi.ie', '', 'st joseph''s primary school', 'grace park', '', '', 'drumcondra', 'dublin', 'ireland'),
(421, NULL, NULL, '', '', '', '', '', '', '', '', ''),
(422, '2221998', NULL, '', '', 'st marys secondary school', 'thomas davis street', '', '', 'mallow', 'cork', 'ireland'),
(423, '2221998', NULL, '', '', 'st marys secondary school', 'thomas davis street', '', '', 'mallow', 'cork', 'ireland'),
(424, '909627109', '852447660', '', '', 'st patrick national school', 'st patrick national school', 'killtormer', '', 'ballinasloe', 'galway', 'ireland'),
(425, NULL, NULL, '', '', '', '', '', '', '', '', ''),
(426, '876147377', NULL, '', '', 'st senna national school', '', '', '', 'kilrush', 'clare', 'ireland'),
(427, '876147377', NULL, '', '', 'st senna national school', '', '', '', 'kilrush', 'clare', 'ireland'),
(428, '749721769', NULL, '', '', 'st. agnes centre', '', '', '', 'donegal town', 'donegal', 'ireland'),
(429, '749721769', NULL, '', '', 'st. agnes centre', '', '', '', 'donegal town', 'donegal', 'ireland'),
(430, '749721769', NULL, '', '', 'st. agnes centre', '', '', '', 'donegal town', 'donegal', 'ireland'),
(431, '749721769', NULL, '', '', 'st. agnes centre', '', '', '', 'donegal town', 'donegal', 'ireland'),
(432, '949022902', NULL, '', '', 'st. angela''s national school', 'castlebar', '', '', 'castlebar', 'mayo', 'ireland'),
(433, '909644112', '609648446', '', '', 'st. brigid''s hospital', 'horgans house', 'walnut grove', '', 'ballinasloe', 'galway', 'ireland'),
(434, '12819485', '879047188', '', '', 'st. catherines school', 'junior room', 'kilmullen lane', '', 'newcastle', 'wicklow', 'ireland'),
(435, '749188832', '749188829', '', '', 'st. conals hospital', 'mortuary', '', '', 'letterkenny', 'donegal', 'ireland'),
(436, '749188832', '749188829', '', '', 'st. conals hospital', 'mortuary', '', '', 'letterkenny', 'donegal', 'ireland'),
(437, '4781822', '872434517', 'mariemcq@eircom.net', '', 'st. davnets hospital', 'swimming pool', 'rooskey', '', 'monaghan', 'monaghan', 'ireland'),
(438, '12868033', NULL, '', '', 'st. fergals junior  national school', '', '', '', 'bray', 'wicklow', 'ireland'),
(439, '12868033', NULL, '', '', 'st. fergals junior  national school', '', '', '', 'bray', 'wicklow', 'ireland'),
(440, '12868033', NULL, '', '', 'st. fergals junior  national school', '', '', '', 'bray', 'wicklow', 'ireland'),
(441, '214544068', NULL, '', '', 'st. gabriels special school', 'curraheen road', '', 'bishopstown', 'cork', 'cork', 'ireland'),
(442, '18464808', NULL, '', '', 'st. helens senior national school', 'limetree avenue', '', '', 'portmarnock', 'dublin', 'ireland'),
(443, '6261833', NULL, '', '', 'st. john the baptist national school', 'old road', '', '', 'cashel', 'tipperary', 'ireland'),
(444, '6261833', NULL, '', '', 'st. john the baptist national school', 'old road', '', '', 'cashel', 'tipperary', 'ireland'),
(445, '6261833', NULL, '', '', 'st. john the baptist national school', 'old road', '', '', 'cashel', 'tipperary', 'ireland'),
(446, '18373635', NULL, '', '', 'st. joseph''s centre for the visually impaired', 'grace park road', '', 'dublin 9', 'drumcondra', 'dublin', 'ireland'),
(447, '18248636', NULL, '', '', 'st. joseph''s daughters of charity', 'clonsilla', '', 'dublin 15', 'clonsilla', '', 'ireland'),
(448, '18248636', NULL, '', '', 'st. joseph''s daughters of charity', 'our ladys', '2', '', 'clonsilla', 'dublin 15', 'ireland'),
(449, '18248636', NULL, '', '', 'st. joseph''s daughters of charity', 'sonas 5', 'iris', '', 'clonsilla', 'dublin 15', 'ireland'),
(450, '18248636', NULL, '', '', 'st. joseph''s daughters of charity', 'sonas 4', 'heather', '', 'clonsilla', 'dublin 15', 'ireland'),
(451, '18248636', NULL, '', '', 'st. joseph''s daughters of charity', 'sonas 3', 'orchid', '', 'clonsilla', 'dublin 15', 'ireland'),
(452, '18248636', NULL, '', '', 'st. joseph''s daughters of charity', 'sonas 3', 'orchid', '', 'clonsilla', 'dublin 15', 'ireland'),
(453, '18248636', NULL, '', '', 'st. joseph''s daughters of charity', 'sonas 5', 'iris', '', 'clonsilla', 'dublin 15', 'ireland'),
(454, '18248636', NULL, '', '', 'st. joseph''s daughters of charity', 'sonas 2', 'lavender', '', 'clonsilla', 'dublin 15', 'ireland'),
(455, '4346212', NULL, '', '', 'st. josephs hospital', 'padre pia ward', '', '', 'longford', 'longford', 'ireland'),
(456, '5229438', '862593067', '', '', 'st. leo''s convent', 'st. leo''s convent', 'dublin road', '', 'carlow', 'carlow', 'ireland'),
(457, '749521388', NULL, '', '', 'st. martins house', 'sitting room', '', '', 'falcarragh', 'donegal', 'ireland'),
(458, '749521388', NULL, '', '', 'st. martins house', '', '', '', 'falcarragh', 'donegal', 'ireland'),
(459, '16250329', NULL, '', '', 'st. mary''s hospital', 'phoenix park', 'cun aoibheann unit', '', 'phoenix park', 'dublin', 'ireland'),
(460, '16250329', NULL, '', '', 'st. mary''s hospital', 'tara ward', '', '', 'phoenix park', 'dublin', 'ireland'),
(461, '18671053', NULL, '', '', 'st. michaels house', 'the beeches', 'donoughmede', '', 'dublin 13', 'dublin', 'ireland'),
(462, NULL, '876799857', '', '', 'st. olaf''s national school', 'balally drive', 'dundrum', '', 'dublin 14', 'dublin', 'ireland'),
(463, NULL, '876799857', '', '', 'st. olaf''s national school', 'balally drive', 'dundrum', '', 'dublin 14', 'dublin', 'ireland'),
(464, '429334488', NULL, '', '', 'st. oliver plunkett hospital', 'service for the older people', 'dublin road', '', 'dundalk', 'louth', 'ireland'),
(465, '6432047', '877559237', '', '', 'st. olivers national school', 'ballycasheen', '', '', 'killarney', 'kerry', 'ireland'),
(466, '749125455', '861605847', 'lurgybrack@eircom.net', '', 'st. patricks lurgybrack national school', '', '', '', 'letterkenny', 'donegal', 'ireland'),
(467, '12861649', NULL, '', '', 'st. patricks n.s.', 'churtlestown', '', '', 'enniskerry', 'wicklow', 'ireland'),
(468, '21450131', NULL, '', '', 'st. pauls school', 'sp3', 'bonnington', '', 'montenotte', 'cork', 'ireland'),
(469, NULL, '872837487', '', '', 'st. raphael''s hospital', 'oakvale', 'bungalow e', '', 'youghal', 'cork', 'ireland'),
(470, '5284350', '5284357', '', '', 'st. rita''s respite', 'thomas street', '', '', 'clonmel', 'tipperary', 'ireland'),
(471, NULL, '8873530726', '', '', 'st. vincents''  daughters of charity', 'the orchard - room 22', 'navan road', '', 'dublin 22', 'dublin', 'ireland'),
(472, '214391333', NULL, '', '', 'st. vincents center', 'st mary''s rd', '', '', 'cork city', 'cork', 'ireland'),
(473, '214391333', NULL, '', '', 'st. vincents center', 'st mary''s rd', '', '', 'cork city', 'cork', 'ireland'),
(474, '214391333', NULL, '', '', 'st. vincents center', 'st mary''s rd', '', '', 'cork city', 'cork', 'ireland'),
(475, '214391333', NULL, '', '', 'st. vincents center', 'st mary''s rd', '', '', 'cork city', 'cork', 'ireland'),
(476, '214391333', NULL, '', '', 'st. vincents center', 'st mary''s rd', '', '', 'cork city', 'cork', 'ireland'),
(477, '214391333', NULL, '', '', 'st. vincents center', 'st mary''s rd', '', '', 'cork city', 'cork', 'ireland'),
(478, '214391333', NULL, '', '', 'st. vincents center', 'st mary''s rd', '', '', 'cork city', 'cork', 'ireland'),
(479, '214391333', NULL, '', '', 'st. vincents center', 'st mary''s rd', '', '', 'cork city', 'cork', 'ireland'),
(480, '6845366', NULL, '', '', 'st.bridgid''s ns', 'duagh', '', '', 'listowl', 'kerry', 'ireland'),
(481, NULL, NULL, '', '', '', '', '', '', '', '', ''),
(482, '16285697', '866031577', '', '', 'stewarts hospital', 'kilcolonn day services', 'farm and equestrein centre', 'blackhall', 'kilcloon', 'meath', 'ireland'),
(483, '16285697', '866031577', '', '', 'stewarts hospital', 'kilcolonn day services', 'farm and equestrein centre', 'blackhall', 'kilcloon', 'meath', 'ireland'),
(484, '15054426', '866031577', '', '', 'stewarts hospital', 'kilcolonn day services', 'farm and equestrein centre', 'blackhall', 'kilcloon', 'meath', 'ireland'),
(485, '16285697', '866031577', '', '', 'stewarts hospital', 'kilclonn day services', 'farm and equestrein centre', 'blackhall', 'kilcloon', 'meath', 'ireland'),
(486, NULL, NULL, '', '', '', '', '', '', '', '', ''),
(487, '14521966', '872684095', '', '', 'suzanne''s house', '6 main road', 'tallaght', 'd24', 'tallaght', 'dublin', 'ireland'),
(488, '14521966', '872684095', 'anne_p_higgins@hotmail.com', '', 'suzanne''s house', '6 main road', 'tallaght', 'd24', 'tallaght', 'dublin', 'ireland'),
(489, '6746766', NULL, '', '', 'the derg centre day care', 'gortlandroe', '', '', 'nenagh', 'tipperary', 'ireland'),
(490, NULL, '861730726', '', '', 'ursline secondary school', '', '', '', 'blackrock', 'cork', 'ireland'),
(491, NULL, '861730726', '', '', 'ursline secondary school', '', '', '', 'blackrock', 'cork', 'ireland'),
(492, NULL, '862538341', '', '', 'val nolan', 'monashennach', 'ardagh', '', 'limerick', 'limerick', 'ireland'),
(493, '217332179', NULL, 'vicarstownns@eircom.net', '', 'vicarstown national school', 'vicarstown', '', '', 'blarney', 'cork', 'ireland'),
(494, '498546212', NULL, '', '', 'virginia care center', 'dublin road', '6bed ward', '', 'virginia', 'cavan', 'ireland'),
(495, '51302000', '51845548', '', '', 'waterford insitute for technology', 'nurse education building', 'cork road', '', 'waterford', 'waterford', 'ireland'),
(496, '539375602', '860786914', '', '', 'wexford county council', '3 the willows', 'hospital hill', '', 'bunclody', 'wexford', 'ireland'),
(497, '539136992', '864061550', '', '', 'wexford county council', '(for peter fortuna''s daughter)', '22 mayview park', '', 'oulart', 'wexford', 'ireland'),
(498, NULL, NULL, '', '', '', '', '', '', '', '', ''),
(499, '749124498', NULL, '', '', 'woodlands national school', '', '', '', 'letterkenny', 'donegal', 'ireland'),
(500, '2492106', NULL, '', '', 'youghal community hospital', 'our lady of lourdes ward', 'blackwater room', '', 'youghal', 'cork', 'ireland'),
(501, '2492106', NULL, '', '', 'youghal community hospital', 'st. theresa''s ward', '', '', 'youghal', 'cork', 'ireland'),
(502, '2492106', NULL, '', '', 'youghal community hospital', 'our lady''s of lourdes ward', '', '', 'youghal', 'cork', 'ireland'),
(503, '2492106', NULL, '', '', 'youghal community hospital', 'st angela''s room', '', '', 'youghal', 'cork', 'ireland'),
(504, '2492106', NULL, '', '', 'youghal community hospital', 'st. roch''s ward', 'top floor', '', 'youghal', 'cork', 'ireland'),
(505, '2492106', NULL, '', '', 'youghal community hospital', 'single room', '', '', 'youghal', 'cork', 'ireland'),
(506, '2492106', NULL, '', '', 'youghal community hospital', '', '', '', 'youghal', 'cork', 'ireland'),
(507, '2492106', NULL, '', '', 'youghal community hospital', 'st john''s ward', '', '', 'youghal', 'cork', 'ireland'),
(508, '2492106', NULL, '', '', 'youghal community hospital', 'st angela''s room', '', '', 'youghal', 'cork', 'ireland'),
(509, '2492106', NULL, '', '', 'youghal community hospital', 'sacred heart ward', '', '', 'youghal', 'cork', 'ireland'),
(510, '2492106', NULL, '', '', 'youghal community hospital', 'st josephs ward', '', '', 'youghal', 'cork', 'ireland'),
(511, '2492106', NULL, '', '', 'youghal community hospital', '', '', '', 'youghal', 'cork', 'ireland'),
(512, '2492106', NULL, '', '', 'youghal community hospital', 'st brigid''s', '', '', 'youghal', 'cork', 'ireland'),
(513, '2492106', NULL, '', '', 'youghal community hospital', 'st. theresa''s ward', '', '', 'youghal', 'cork', 'ireland'),
(514, '2492106', NULL, '', '', 'youghal community hospital', 'st josephs ward', '', '', 'youghal', 'cork', 'ireland'),
(515, '91577997', '0879850801', '', '', '', '', '', '', '', '', 'ireland'),
(516, '40223838', '0863700167', '', '', '', '', '', '', '', '', 'ireland'),
(517, '', '0872679162', '', '', '', '', '', '', '', '', 'ireland'),
(518, '12831387', '', '', '', '', '', '', '', '', '', 'ireland'),
(519, '0567764735', '', '', '', '', '', '', '', '', '', 'ireland'),
(520, '', '', '', '', '', '', '', '', '', '', 'ireland'),
(521, '4866387976', '7875125745', '', '', '', '', '', '', '', '', 'ireland'),
(522, '', '', '', '', '', '', '', '', '', '', 'ireland'),
(523, '', '0868221698', '', '', '', '', '', '', '', '', 'ireland'),
(524, '', '', '', '', '', '', '', '', '', '', 'ireland'),
(525, '0659051335', '', '', '', '', '', '', '', '', '', 'ireland'),
(526, '6968547', '', '', '', '', '', '', '', '', '', 'ireland'),
(527, '6384126', '', '', '', '', '', '', '', '', '', 'ireland'),
(528, '0469053238', '', '', '', '', '', '', '', '', '', 'ireland'),
(529, '0214292717', '', '', '', '', '', '', '', '', '', 'ireland'),
(530, '', '', '', '', '', '', '', '', '', '', 'ireland'),
(531, '', '', '', '', '', '', '', '', '', '', 'ireland'),
(532, '', '0872607693', '', '', '', '', '', '', '', '', 'ireland'),
(533, '', '0878560713', '', '', '', '', '', '', '', '', 'ireland'),
(534, '16302414', '', '', '', '', '', '', '', '', '', 'ireland'),
(535, '', '', '', '', '', '', '', '', '', '', 'ireland'),
(536, '12982499', '', '', '', '', '', '', '', '', '', 'ireland'),
(537, '', '', '', '', '', '', '', '', '', '', 'ireland'),
(538, '50426229', '', '', '', '', '', '', '', '', '', 'ireland'),
(539, '0012854501', '', '', '', '', '', '', '', '', '', 'ireland'),
(540, '', '', '', '', '', '', '', '', '', '', 'ireland'),
(541, '', '', '', '', '', '', '', '', '', '', 'ireland'),
(542, '12892212', '0872725062', '', '', '', '', '', '', '', '', 'ireland'),
(543, '', '', '', '', '', '', '', '', '', '', 'ireland'),
(544, '12866963', '', '', '', '', '', '', '', '', '', 'ireland'),
(545, '', '0876125583', '', '', '', '', '', '', '', '', 'ireland'),
(546, '', '0857541814', '', '', '', '', '', '', '', '', 'ireland'),
(547, '', '', '', '', '', '', '', '', '', '', 'ireland'),
(548, '', '0872431076', 'lloydcat1@hotmail.com', '', '', '', '', '', '', '', 'ireland'),
(549, '18391954', '0862572444', '', '', '', '', '', '', '', '', 'ireland'),
(550, '0469282830', '', '', '', '', '', '', '', '', '', 'ireland'),
(551, '0419833657', '', '', '', '', '', '', '', '', '', 'ireland'),
(552, '12883946', '0863732121', '', '', '', '', '', '', '', '', 'ireland'),
(553, '14906337', '0860694047', '', '', '', '', '', '', '', '', 'ireland'),
(554, '61317597', '0851268000', '', '', '', '', '', '', '', '', 'ireland'),
(555, '', '', '', '', '', '', '', '', '', '', 'ireland'),
(556, '', '0879702334', '', '', '', '', '', '', '', '', 'ireland'),
(557, '', '0871350489', '', '', '', '', '', '', '', '', 'ireland'),
(558, '0949023058', '0863974885', '', '', '', '', '', '', '', '', 'ireland'),
(559, '0864048782', '', '', '', '', '', '', '', '', '', 'ireland'),
(560, '9341564', '', '', '', '', '', '', '', '', '', 'ireland'),
(561, '', '0874180451', '', '', '', '', '', '', '', '', 'ireland'),
(562, '', '0876211167', '', '', '', '', '', '', '', '', 'ireland'),
(563, '', '', '', '', '', '', '', '', '', '', 'ireland'),
(564, '2243493', '0872773097', '', '', '', '', '', '', '', '', 'ireland'),
(565, '6261413', '', '', '', '', '', '', '', '', '', 'ireland'),
(566, '0749361413', '', '', '', '', '', '', '', '', '', 'ireland'),
(567, '0667129350', '0876916351', '', '', '', '', '', '', '', '', 'ireland'),
(568, '', '', '', '', '', '', '', '', '', '', 'ireland'),
(569, '', '0868945326', '', '', '', '', '', '', '', '', 'ireland'),
(570, '12862289', '0863608773', '', '', '', '', '', '', '', '', 'ireland'),
(571, '', '', '', '', '', '', '', '', '', '', 'ireland'),
(572, '', '0872435028', '', '', '', '', '', '', '', '', 'ireland'),
(573, '14976217', '', '', '', '', '', '', '', '', '', 'ireland'),
(574, '', '0876172740', '', '', '', '', '', '', '', '', 'ireland'),
(575, '0217336422', '0879272550', '', '', '', '', '', '', '', '', 'ireland'),
(576, '', '', '', '', '', '', '', '', '', '', 'ireland'),
(577, '12691978', '', '', '', '', '', '', '', '', '', 'ireland'),
(578, '0469244705', '0861024646', '', '', '', '', '', '', '', '', 'ireland'),
(579, '18350700', '', '', '', '', '', '', '', '', '', 'ireland'),
(580, '', '', '', '', '', '', '', '', '', '', 'ireland'),
(581, '', '0862232063', '', '', '', '', '', '', '', '', 'ireland'),
(582, '02646264', '', '', '', '', '', '', '', '', '', 'ireland'),
(583, '14531833', '', '', '', '', '', '', '', '', '', 'ireland'),
(584, '', '', '', '', '', '', '', '', '', '', 'ireland'),
(585, '0429665126', '', '', '', '', '', '', '', '', '', 'ireland'),
(586, '0857303601', '0879149151', '', '0857462092', '', '', '', '', '', '', 'ireland'),
(587, '0579137141', '0872239817', '', '', '', '', '', '', '', '', 'ireland'),
(588, '', '', '', '', '', '', '', '', '', '', 'ireland'),
(589, '', '0868090266', '', '', '', '', '', '', '', '', 'ireland'),
(590, '5266790', '0862678280', '', '', '', '', '', '', '', '', 'ireland'),
(591, '', '0868143553', '', '', '', '', '', '', '', '', 'ireland'),
(592, '', '', '', '', '', '', '', '', '', '', 'ireland'),
(593, '0599142370', '', '', '', '', '', '', '', '', '', 'ireland'),
(594, '', '', '', '', '', '', '', '', '', '', 'ireland'),
(595, '2834413', '0863552963', '', '', '', '', '', '', '', '', 'ireland'),
(596, '', '0863940598', '', '', '', '', '', '', '', '', 'ireland'),
(597, '0214293696', '', '', '', '', '', '', '', '', '', 'ireland'),
(598, '', '0861028639', '', '', '', '', '', '', '', '', 'ireland'),
(599, '', '', '', '', '', '', '', '', '', '', 'ireland'),
(600, '', '', '', '', '', '', '', '', '', '', 'ireland'),
(601, '2584813', '5267337', '', '', '', '', '', '', '', '', 'ireland'),
(602, '0857109284', '', '', '', '', '', '', '', '', '', 'ireland'),
(603, '16712944', '', '', '', '', '', '', '', '', '', 'ireland'),
(604, '0469241077', '', '', '', '', '', '', '', '', '', 'ireland'),
(605, '61315864', '', '', '', '', '', '', '', '', '', 'ireland'),
(606, '2533294', '', '', '', '', '', '', '', '', '', 'ireland'),
(607, '', '', '', '', '', '', '', '', '', '', 'ireland'),
(608, '61413491', '', '', '', '', '', '', '', '', '', 'ireland'),
(609, '0749542189', '', '', '', '', '', '', '', '', '', 'ireland'),
(610, '', '', '', '', '', '', '', '', '', '', 'ireland'),
(611, '0419828008', '', '', '', '', '', '', '', '', '', 'ireland'),
(612, '5252346', '', '', '', '', '', '', '', '', '', 'ireland'),
(613, '05224699', '0876222623', '', '', '', '', '', '', '', '', 'ireland'),
(614, '0749542202', '', '', '', '', '', '', '', '', '', 'ireland'),
(615, '2750202', '', '', '', '', '', '', '', '', '', 'ireland'),
(616, '18027131', '', '', '', '', '', '', '', '', '', 'ireland'),
(617, '6836201', '', '', '', '', '', '', '', '', '', 'ireland'),
(618, '', '', '', '', '', '', '', '', '', '', 'ireland'),
(619, '2333343', '', '', '', '', '', '', '', '', '', 'ireland'),
(620, '', '', '', '', '', '', '', '', '', '', 'ireland'),
(621, '0872657844', '', '', '', '', '', '', '', '', '', 'ireland'),
(622, '18166003', '', '', '', '', '', '', '', '', '', 'ireland'),
(623, '6252047', '', '', '', '', '', '', '', '', '', 'ireland'),
(624, '6398217', '', '', '', '', '', '', '', '', '', 'ireland'),
(625, '0879439436', '', '', '', '', '', '', '', '', '', 'ireland'),
(626, '0579331675', '', '', '', '', '', '', '', '', '', 'ireland'),
(627, '0469021343', '', '', '', '', '', '', '', '', '', 'ireland'),
(628, '', '', '', '', '', '', '', '', '', '', 'ireland'),
(629, '0868324700', '', '', '', '', '', '', '', '', '', 'ireland'),
(630, '', '', '', '', '', '', '', '', '', '', 'ireland'),
(631, '', '', '', '', '', '', '', '', '', '', 'ireland'),
(632, '91577997', '0879850801', '', '', '', '', '', '', '', '', 'ireland'),
(633, '', '0876255790', '', '', '', '', '', '', '', '', 'ireland'),
(634, '', '', '', '', '', '', '', '', '', '', 'ireland'),
(635, '0419812124', '0876261532', '', '', '', '', '', '', '', '', 'ireland'),
(636, '', '', '', '', '', '', '', '', '', '', 'ireland'),
(637, '', '0863913309', '', '', '', '', '', '', '', '', 'ireland'),
(638, '12819485', '0879098808', '', '', '', '', '', '', '', '', 'ireland'),
(639, '0469025422', '0877660085', '', '', '', '', '', '', '', '', 'ireland'),
(640, '', '', '', '', '', '', '', '', '', '', 'ireland'),
(641, '12761129', '0860560542', '', '', '', '', '', '', '', '', 'ireland'),
(642, '0667137370', '0872377705', '', '', '', '', '', '', '', '', 'ireland'),
(643, '', '0879951347', '', '', '', '', '', '', '', '', 'ireland'),
(644, '', '0861613140', '', '', '', '', '', '', '', '', 'ireland'),
(645, '', '', '', '', '', '', '', '', '', '', 'ireland'),
(646, '0749122836', '0879805737', '', '', '', '', '', '', '', '', 'ireland'),
(647, '5223923', '', '', '', '', '', '', '', '', '', 'ireland'),
(648, '', '', '', '', '', '', '', '', '', '', 'ireland'),
(649, '', '0876143399', 'marc.egan@enablesupplies.com', '', '', '', '', '', '', '', 'ireland'),
(650, '0906625852', '', '', '', '', '', '', '', '', '', 'ireland'),
(651, '0860632813', '', '', '', '', '', '', '', '', '', 'ireland'),
(652, '16183119', '', '', '', '', '', '', '', '', '', 'ireland'),
(653, '6965146', '', '', '6965598', '', '', '', '', '', '', 'ireland'),
(654, '', '', '', '', '', '', '', '', '', '', 'ireland'),
(655, '18259900', '', '', '', '', '', '', '', '', '', 'ireland'),
(656, '', '4574010', '', '', '', '', '', '', '', '', 'ireland'),
(657, '12984633', '', '', '', '', '', '', '', '', '', 'ireland'),
(658, '', '', '', '', '', '', '', '', '', '', 'ireland'),
(659, '50490927', '0863687005', '', '', '', '', '', '', '', '', 'ireland'),
(660, '', '', '', '', '', '', '', '', '', '', 'ireland'),
(661, '05250516', '', '', '', '', '', '', '', '', '', 'ireland'),
(662, '0906623332', '0872888919', '', '', '', '', '', '', '', '', 'ireland'),
(663, '4754222', '', '', '', '', '', '', '', '', '', 'ireland'),
(664, '', '', '', '', '', '', '', '', '', '', 'ireland'),
(665, '2539341', '', '', '', '', '', '', '', '', '', 'ireland'),
(666, '', '', '', '', '', '', '', '', '', '', 'ireland'),
(667, '0656832292', '', '', '', '', '', '', '', '', '', 'ireland'),
(668, '', '0872386506', '', '', '', '', '', '', '', '', 'ireland'),
(669, '6849863', '0868768874', '', '', '', '', '', '', '', '', 'ireland'),
(670, '', '', '', '', '', '', '', '', '', '', 'ireland'),
(671, '0469025914', '', '', '', '', '', '', '', '', '', 'ireland'),
(672, '', '', '', '', '', '', '', '', '', '', 'ireland'),
(673, '', '', '', '', '', '', '', '', '', '', 'ireland'),
(674, '2145107700', '', '', '', '', '', '', '', '', '', 'ireland'),
(675, '0449375501', '08765276320', '', '0877835875', '', '', '', '', '', '', 'ireland'),
(676, '0217335943', '0863521324', '', '', '', '', '', '', '', '', 'ireland'),
(677, '', '', '', '', '', '', '', '', '', '', 'ireland'),
(678, '18411802', '', '', '', '', '', '', '', '', '', 'ireland'),
(679, '', '0874652882', '', '', '', '', '', '', '', '', 'ireland'),
(680, '', '0872330185', '', '', '', '', '', '', '', '', 'ireland'),
(681, '', '0872330185', '', '', '', '', '', '', '', '', 'ireland'),
(682, '5241440', '', '', '', '', '', '', '', '', '', 'ireland'),
(683, '', '', '', '', '', '', '', '', '', '', 'ireland'),
(684, '0469435302', '', '', '', '', '', '', '', '', '', 'ireland'),
(685, '', '', '', '', '', '', '', '', '', '', 'ireland'),
(686, '', '', '', '', '', '', '', '', '', '', 'ireland'),
(687, '', '', '', '', '', '', '', '', '', '', 'ireland'),
(688, '', '0879630869', '', '', '', '', '', '', '', '', 'ireland'),
(689, '14553453', '', '', '', '', '', '', '', '', '', 'ireland'),
(690, '', '', '', '', '', '', '', '', '', '', 'ireland'),
(691, '', '0872237445', '', '', '', '', '', '', '', '', 'ireland'),
(692, '0749520564', '', '', '', '', '', '', '', '', '', 'ireland'),
(693, '0469052185', '', '', '', '', '', '', '', '', '', 'ireland'),
(694, '12868148', '0872713887', '', '', '', '', '', '', '', '', 'ireland'),
(695, '', '0851669515', '', '', '', '', '', '', '', '', 'ireland'),
(696, '0876680662', '', '', '', '', '', '', '', '', '', 'ireland'),
(697, '', '', '', '', '', '', '', '', '', '', 'ireland'),
(698, '0667131267', '0872230623', '', '', '', '', '', '', '', '', 'ireland'),
(699, '14562114', '', '', '', '', '', '', '', '', '', 'ireland'),
(700, '0419880899', '0868777921', '', '', '', '', '', '', '', '', 'ireland'),
(701, '', '0864037606', '', '', '', '', '', '', '', '', 'ireland'),
(702, '0498541643', '', '', '', '', '', '', '', '', '', 'ireland'),
(703, '6437380', '', '', '', '', '', '', '', '', '', 'ireland'),
(704, '', '', '', '', '', '', '', '', '', '', 'ireland'),
(705, '0579137141', '0872239817', '', '', '', '', '', '', '', '', 'ireland'),
(706, '', '0876735172', '', '0876137280', '', '', '', '', '', '', 'ireland'),
(707, '', '', '', '', '', '', '', '', '', '', 'ireland'),
(708, '4544308', '', '', '', '', '', '', '', '', '', 'ireland'),
(709, '12868743', '0872750146', '', '', '', '', '', '', '', '', 'ireland'),
(710, '40235521', '', '', '', '', '', '', '', '', '', 'ireland'),
(711, '0669767895', '0861599334', '', '', '', '', '', '', '', '', 'ireland'),
(712, '12854409', '', '', '', '', '', '', '', '', '', 'ireland'),
(713, '12850959', '', '', '', '', '', '', '', '', '', 'ireland'),
(714, '0877802019', '0877755520', '', '', '', '', '', '', '', '', 'ireland'),
(715, '14523486', '', '', '', '', '', '', '', '', '', 'ireland'),
(716, '', '', '', '', '', '', '', '', '', '', 'ireland'),
(717, '05262502', '', '', '', '', '', '', '', '', '', 'ireland'),
(718, '', '', '', '', '', '', '', '', '', '', 'ireland'),
(719, '', '', '', '', '', '', '', '', '', '', 'ireland'),
(720, '', '', '', '', '', '', '', '', '', '', 'ireland'),
(721, '0749545275', '', 'pmchugh.mchugh@gmail.com', '', '', '', '', '', '', '', 'ireland'),
(722, '0656832405', '0879418574', '', '', '', '', '', '', '', '', 'ireland'),
(723, '0469025932', '', '', '', '', '', '', '', '', '', 'ireland'),
(724, '05256769', '', '', '', '', '', '', '', '', '', 'ireland'),
(725, '', '', '', '', '', '', '', '', '', '', 'ireland'),
(726, '', '', '', '', '', '', '', '', '', '', 'ireland'),
(727, '2893323677', '', '', '', '', '', '', '', '', '', 'ireland'),
(728, '', '0879579893', '', '', '', '', '', '', '', '', 'ireland'),
(729, '0567768947', '', '', '', '', '', '', '', '', '', 'ireland'),
(730, '0669151444', '', '', '', '', '', '', '', '', '', 'ireland'),
(731, '0863203490', '', '', '', '', '', '', '', '', '', 'ireland'),
(732, '2645671', '0861641713', '', '', '', '', '', '', '', '', 'ireland'),
(733, '', '0878234376', '', '', '', '', '', '', '', '', 'ireland'),
(734, '', '0872330185', '', '', '', '', '', '', '', '', 'ireland'),
(735, '', '', '', '', '', '', '', '', '', '', 'ireland'),
(736, '0872549722', '', '', '', '', '', '', '', '', '', 'ireland'),
(737, '', '', '', '', '', '', '', '', '', '', 'ireland'),
(738, '0872581136', '0872581136', '', '12012035', '', '', '', '', '', '', 'ireland'),
(739, '06972549', '', '', '', '', '', '', '', '', '', 'ireland'),
(740, '', '', '', '', '', '', '', '', '', '', 'ireland'),
(741, '0469022757', '', '', '', '', '', '', '', '', '', 'ireland'),
(742, '0667141894', '', '', '', '', '', '', '', '', '', 'ireland'),
(743, '0866037398', '', '', '', '', '', '', '', '', '', 'ireland'),
(744, '0749168052', '', '', '', '', '', '', '', '', '', 'ireland'),
(745, '', '0876187942', '', '', '', '', '', '', '', '', 'ireland'),
(746, '', '', '', '', '', '', '', '', '', '', 'ireland'),
(747, '12864560', '', '', '', '', '', '', '', '', '', 'ireland'),
(748, '14561224', '', '', '', '', '', '', '', '', '', 'ireland'),
(749, '', '', '', '', '', '', '', '', '', '', 'ireland'),
(750, '', '0872359602', '', '', '', '', '', '', '', '', 'ireland'),
(751, '0749723131', '', '', '', '', '', '', '', '', '', 'ireland'),
(752, '', '', '', '', '', '', '', '', '', '', 'ireland'),
(753, '', '0864037606', '', '', '', '', '', '', '', '', 'ireland'),
(754, '', '', '', '', '', '', '', '', '', '', 'ireland'),
(755, '', '', '', '', '', '', '', '', '', '', 'ireland'),
(756, '0749148988', '0749148985', '', '', '', '', '', '', '', '', 'ireland'),
(757, '12858257', '', '', '', '', '', '', '', '', '', 'ireland'),
(758, '0567762326', '', '', '0567762399', '', '', '', '', '', '', 'ireland');

-- --------------------------------------------------------

--
-- Table structure for table `customer`
--

DROP TABLE IF EXISTS `customer`;
CREATE TABLE IF NOT EXISTS `customer` (
  `customerid` int(12) NOT NULL AUTO_INCREMENT,
  `name` varchar(6) DEFAULT NULL,
  `first_name` varchar(20) NOT NULL,
  `last_name` varchar(30) NOT NULL,
  `address_line1` varchar(35) DEFAULT NULL,
  `address_line2` varchar(35) DEFAULT NULL,
  `address_line3` varchar(35) DEFAULT NULL,
  `address_line4` varchar(35) DEFAULT NULL,
  `county` varchar(20) NOT NULL,
  `country` varchar(28) NOT NULL,
  `last_contacted` date DEFAULT NULL,
  `pref_contact_type` varchar(10) DEFAULT NULL,
  PRIMARY KEY (`customerid`)
) ENGINE=InnoDB AUTO_INCREMENT=245 DEFAULT CHARSET=latin1;

--
-- Dumping data for table `customer`
--

INSERT INTO `customer` (`customerid`, `name`, `first_name`, `last_name`, `address_line1`, `address_line2`, `address_line3`, `address_line4`, `county`, `country`, `last_contacted`, `pref_contact_type`) VALUES
(1, '', '(no', 'name)  ', 'rossaveel', '', '', 'galway', 'galway', 'ireland', '2013-06-24', ''),
(2, '', 'adrienne', 'sheehan  ', 'balykillageer lower', 'woodenbridge', '', 'arklow', 'wicklow', 'ireland', '2013-06-24', ''),
(3, '', 'agnes', 'malone  ', 'tara rock road', 'blackrock', '', 'dundalk', 'louth', 'ireland', '2000-01-01', ''),
(4, '', 'ailbhe', 'king  ', '21 mount merrion ave.', '', '', 'blackrock', 'dublin', 'ireland', '2000-01-01', ''),
(5, '', 'aishling', 'barry  ', '61 lord edward st.', '', '', 'kilkenny', 'kilkenny', 'ireland', '2008-03-18', ''),
(6, '', 'alan', 'carrigan  ', '9 park lands rise', '', '', 'maynooth', 'kildare', 'ireland', '2014-04-23', ''),
(7, '', 'alan', 'richie  ', 'drumod', 'bt94 5dg', '', 'lisbellaw', 'fermanagh', 'ireland', '2013-01-14', ''),
(8, '', 'alice', 'duffy  ', 'garden rath road', '', '', 'kells', 'meath', 'ireland', '2012-04-10', ''),
(9, '', 'alice', 'kelly  ', 'kiltoy', '', '', 'letterkenny', 'donegal', 'ireland', '2009-12-17', ''),
(10, '', 'alice', 'malone  ', '17 clanhugh road', 'donnycarney', '', 'dublin 5', 'dublin', 'ireland', '2000-01-01', ''),
(11, '', 'amy', 'monighan  ', '4 st. josephs terrace', '', '', 'kilrush', 'clare', 'ireland', '2010-09-14', ''),
(12, '', 'angela', 'noonan  ', '', 'valleyview', 'ballyelan', 'ballingarry', 'limerick', 'ireland', '2008-04-29', ''),
(13, '', 'ann', 'brouder  ', 'ahawick', 'feomanagh', '', 'newcastle west', 'limerick', 'ireland', '2011-05-10', ''),
(14, '', 'ann', 'clusky  ', 'mitchelstown, bedroom', 'lobinstown', '', 'navan', 'meath', 'ireland', '2000-01-01', ''),
(15, '', 'ann', 'hession  ', '54 lake lawn well road', '', '', 'douglas', 'cork', 'ireland', '2008-02-29', ''),
(16, '', 'ann', 'mcgrath  ', '2 fethard st.', '', '', 'mullinahone', 'tipperary', 'ireland', '2000-01-01', ''),
(17, '', 'anna', 'carr  ', '', 'district hospital', '', 'wicklow town', 'wicklow', 'ireland', '2000-01-01', ''),
(18, '', 'anna', 'keane  ', '27 ballybrit heights', '', '', 'galway', '', 'ireland', '2013-10-07', ''),
(19, '', 'anne', 'flynn  ', 'park', '', '', 'banagher', 'offaly', 'ireland', '2000-01-01', ''),
(20, '', 'annemaree', 'quinn  ', 'don toolan', 'apt 6, the pump house dev', 'londonbridge road, ringsend', 'dublin 4', 'dublin', 'ireland', '2014-06-09', ''),
(21, '', 'annie', 'teresa grennan ', 'drumacoo', '', '', 'kilcolgan', 'galway', 'ireland', '2000-01-01', ''),
(22, '', 'annmarie', 'flynn  ', '', 'headford grove', '', 'churchtown', 'dublin', 'ireland', '2000-01-01', ''),
(23, '', 'anthony', 'dormer  ', '36 rosanore', '', '', 'ennnis', 'clare', 'ireland', '2008-03-06', ''),
(24, '', 'anthony', 'higgins  ', '27 ceol na mara', 'lower main street', '', 'rush', 'dublin', 'ireland', '2008-09-18', ''),
(25, '', 'april', 'bryan  ', 'hobbit cottage', 'sorrento road', '', 'dalkey', 'dublin', 'ireland', '2010-11-16', ''),
(26, '', 'austin', 'daly  ', 'the grove', '', '', 'abbeyfeale', 'limerick', 'ireland', '2012-02-22', ''),
(27, '', 'avril', 'king  ', 'house 7', 'hollyhill', '', 'cork', 'cork', 'ireland', '2000-01-01', ''),
(28, '', 'barbara', 'wallis  ', '46a saint finstan''s villas', 'dean''s grange', '', 'blackrock', 'dublin', 'ireland', '2013-11-27', ''),
(29, '', 'batt', 'hegarty  ', '', '', '', 'ballylanders', 'limerick', 'ireland', '2010-12-15', ''),
(30, '', 'blank', 'cogan  ', '16 killian crescent', 'schools road', '', 'bray', 'wicklow', 'ireland', '2008-03-04', ''),
(31, '', 'brendan', 'deering  ', '11 shandon road', 'philisborough', '', 'dublin 7', 'dublin', 'ireland', '2000-01-01', ''),
(32, '', 'brendan', 'warren  ', '219 mourne road', 'drimmagh', '', 'dublin 12', 'dublin', 'ireland', '2008-04-18', ''),
(33, '', 'c', '  ', '', '', '', 'dublin 16', 'dublin', 'ireland', '2000-01-01', ''),
(34, '', 'carol', 'lloyd  ', '19 kilgobbin heights', 'stepaside', '', 'dublin', 'dublin', 'ireland', '2000-01-01', ''),
(35, '', 'carolanne', 'fitzpatrick  ', 'apt 34, offington manor', 'sutton', '', 'dublin 13', 'dublin', 'ireland', '2014-06-09', ''),
(36, '', 'caroline', 'acton  ', '52 newtown crescent', 'trim', '', 'trim', 'meath', 'ireland', '2000-01-01', ''),
(37, '', 'caroline', 'mc cormack ', '69 rosevale', 'beamore', '', 'drogheda', 'louth', 'ireland', '2011-12-07', ''),
(38, '', 'catherine', 'ivory  ', '145 roebuck castle', 'roebuck road, clonskeagh', '', 'dublin 14', 'dublin', 'ireland', '2000-01-01', ''),
(39, '', 'cathrine', 'winters  ', '22 riversdale drive', 'lower kimmage', '', '', 'dublin', 'ireland', '2009-01-23', ''),
(40, '', 'celeen', 'mulqueen  ', '82 lenihan avenue', 'ballinacurra weston', '', 'limerick', 'limerick', 'ireland', '2014-01-29', ''),
(41, '', 'celine', 'mulqueen  ', '82 lenihan avenue', '', '', 'limerick', 'limerick', 'ireland', '2009-01-30', ''),
(42, '', 'chris', '& mary mcdonagh', 'seanbhaile', 'bealadangan', '', 'connemara', 'galway', 'ireland', '2011-08-10', ''),
(43, '', 'christian', 'mayse  ', '13 maple drive', '', '', 'killarney', 'kerry', 'ireland', '2000-01-01', ''),
(44, '', 'christina', 'ruane  ', 'glenisland', '', '', 'castlebar', 'mayo', 'ireland', '2013-09-18', ''),
(45, '', 'cian', 'murphy  ', '13 high field', 'ballea rd', '', 'carrigaline', 'cork', 'ireland', '2009-03-24', ''),
(46, '', 'clare', 'rowe  ', 'corofin', '', '', 'tuam', 'galway', 'ireland', '2008-03-04', ''),
(47, '', 'colin', '& catherine sheehan', 'millbrook', '', '', 'mallow', 'cork', 'ireland', '2013-10-16', ''),
(48, '', 'conor', 'smith  ', 'no.6 tailtean court', 'tailtean housing scheme', 'windstown', 'navan', 'meath', 'ireland', '2012-08-07', ''),
(49, '', 'daniel', 'gubbins  ', 'thomastown', '', '', 'bansha', 'clare', 'ireland', '2000-01-01', ''),
(50, '', 'daniel', 'mcinmery dunne ', '25 eglantine cresent', '', '', 'mallow', 'cork', 'ireland', '2008-05-06', ''),
(51, '', 'daniel', 'ryan  ', 'rosegreen', '', '', 'cashel', 'tipperary', 'ireland', '2000-01-01', ''),
(52, '', 'danny', 'doherty  ', '18 castle park', '', '', 'buncrana', 'donegal', 'ireland', '2009-01-30', ''),
(53, '', 'david', '& deidre horan', '17 beenoshee', 'ballyard', '', 'tralee', 'kerry', 'ireland', '2013-09-18', ''),
(54, '', 'david', 'donergan  ', '22 mayview park', '', '(near gorey)', 'oulart', 'wexford', 'ireland', '2010-01-05', ''),
(55, '', 'david', 'mc clure ', '', 'glenavar', '', 'kerrykeel', 'donegal', 'ireland', '2000-01-01', ''),
(56, '', 'deidre', 'walsh  ', '3 killarney court', '', '', 'bray', 'wicklow', 'ireland', '2008-01-21', ''),
(57, '', 'deirdre', 'courtney  ', 'killacha', 'ardfert', '', 'tralee', 'kerry', 'ireland', '2014-06-09', ''),
(58, '', 'denis', 'welch  ', 'killowen', '', '', '', 'cork', 'ireland', '2011-08-02', ''),
(59, '', 'dermot', 'kelly  ', '59 ashfield road', 'ranelagh', '', 'dublin 6', 'dublin', 'ireland', '2000-01-01', ''),
(60, '', 'donal', 'o''brien  ', 'butler house', '', 'patrick street', 'kilkenny', 'kilkenny', 'ireland', '2008-08-14', ''),
(61, '', 'donal', 'o''sullivan  ', 'mardon', 'lower belmont', '', 'crookstown', 'cork', 'ireland', '2013-11-27', ''),
(62, '', 'donnan', 'jordan  ', '5 clohessy place', 'the rag', '', 'thurles', 'tipperary', 'ireland', '2010-08-23', ''),
(63, '', 'doreen', 'daly  ', 'no 2 durham road', '', '', 'sandymount', 'dublin', 'ireland', '2014-04-23', ''),
(64, '', 'eamon', 'farrelly  ', 'walterstown', 'carlanstown', '', 'kells', 'meath', 'ireland', '2008-09-16', ''),
(65, '', 'eamon', 'huges  ', 'st martins dublin rd. ashbourne', 'ashbourne', '', '', 'meath', 'ireland', '2008-03-05', ''),
(66, '', 'eddie', '& nell duffy', 'caravan road', '', '', 'dungloe', 'donegal', 'ireland', '2011-11-22', ''),
(67, '', 'edward', 'o kane ', 'gulladuff', 'ref mary mcloughlin carer', '0862232063', 'moville', 'donegal', 'ireland', '2009-04-15', ''),
(68, '', 'eleanor', 'o''callaghan  ', 'money grave', '', '', 'coppeen', 'cork', 'ireland', '2009-04-22', ''),
(69, '', 'elizabeth', 'byrne  ', '73 rathdrum road', 'crumlin', '', 'dublin 12', 'dublin', 'ireland', '2000-01-01', ''),
(70, '', 'elizabeth', 'coffey  ', '', '59 assuption park', '', 'roscrea', 'tipperary', 'ireland', '2010-07-06', ''),
(71, '', 'elizabeth', 'halton  ', 'fartha', 'tierworker', 'between moynalty & kingscourt', 'kells', 'meath', 'ireland', '2014-02-10', ''),
(72, '', 'eric', 'whelan  ', '45 cliona park', '', '', 'moyross', 'limerick', 'ireland', '2011-10-12', ''),
(73, '', 'ester', 'mcredmond  ', 'the walk', 'kimnitty', '', 'birr', 'offaly', 'ireland', '2013-10-16', ''),
(74, '', 'evelyn', 'mcdermott  ', '8 fair green hill', '', '', 'letterkenny', 'donegal', 'ireland', '2008-03-04', ''),
(75, '', 'fergall', 'mee  ', 'gurranes', '', '', 'newcastlewest', 'limerick', 'ireland', '2014-06-09', ''),
(76, '', 'finn', 'carey  ', 'cheshire home', 'john''s hill', '', 'waterford', 'waterford', 'ireland', '2013-01-16', ''),
(77, '', 'frances', 'winton  ', '40 landscape gardens', 'churchtown', '', 'dublin 14', 'dublin', 'ireland', '2000-01-01', ''),
(78, '', 'frank', 'devine  ', 'drumsha', '', '', 'carrick-on-shannon', 'leitrim', 'ireland', '2011-05-04', ''),
(79, '', 'gerald', 'brennan  ', 'old derrig', 'killeshin road', '', 'carlow', 'wicklow', 'ireland', '2008-05-14', ''),
(80, '', 'gerard', 'mchale  ', '48 roches buildings', '', '', 'cork', 'cork', 'ireland', '2000-01-01', ''),
(81, '', 'gordan', 'fallon  ', '', '', '', 'union hall', 'cork', 'ireland', '2013-11-13', ''),
(82, '', 'hilda', 'murphy  ', '19 bawnville drive', '', '', 'tallaght', 'dublin', 'ireland', '2008-03-04', ''),
(83, '', 'jack', 'o''connor  ', '38 woodville road', 'beaumont', '', 'cork', 'cork', 'ireland', '2000-01-01', ''),
(84, '', 'jackie', 'conway  ', '44 annaville park', 'dundrum', 'dublin', 'dublin 14', 'dublin', 'ireland', '2000-01-01', ''),
(85, '', 'james', 'black  ', '42 bernadette place', '', '', 'wexford', 'wexford', 'ireland', '2000-01-01', ''),
(86, '', 'james', 'o''mahony  ', '15 ballsbridge avenue', '(dublin 4)', '', 'ballsbridge', 'dublin', 'ireland', '2009-12-17', ''),
(87, '', 'jamie', 'mc carthy ', 'cooleprivane', 'ballyporeen', '', 'cahir', 'tipperary', 'ireland', '2008-06-03', ''),
(88, '', 'jane', 'fennessy  ', '', '70 claremount est', '', 'navan', 'meath', 'ireland', '2008-04-17', ''),
(89, '', 'jarleth', 'tunney  ', '', '', '', 'phenoix park', 'dublin', 'ireland', '2000-01-01', ''),
(90, '', 'jean', 'mulvaney  ', '35ogrowney terrace', '', '', 'kells', 'meath', 'ireland', '2000-01-01', ''),
(91, '', 'jean', 'noctor  ', '4 mount prospect', 'south circular road', '', 'limerick city', 'limerick', 'ireland', '2011-06-17', ''),
(92, '', 'jerry', 'llewellyn  ', 'corrin view', '', '', 'macroom', 'cork', 'ireland', '2000-01-01', ''),
(93, '', 'jim', '& cathy healy', '65 jamestown road', 'inchicore', '', 'dublin', 'dublin', 'ireland', '2000-01-01', ''),
(94, '', 'joan', 'keehan  ', '21 maigue way', 'john carew park', '', 'limerick', 'limerick', 'ireland', '2008-08-21', ''),
(95, '', 'joey', 'o''donnell  ', 'lower keadue', '', '', 'burtonport', 'donegal', 'ireland', '2008-08-11', ''),
(96, '', 'john', '& winnifred o''mara', 'graugh', 'fairymount', '', 'castlerea', 'roscommon', 'ireland', '2014-06-09', ''),
(97, '', 'john', 'lawlor  ', '', 'windchimes', '', 'laytown', 'meath', 'ireland', '2000-01-01', ''),
(98, '', 'john', 'mccormack  ', 'ballyluskey', '', '', 'drangan', 'tipperary', 'ireland', '2000-01-01', ''),
(99, '', 'john', 'meeke  ', '49 pine wood drive', 'killmacomma', '', 'clonmel', 'tipperary', 'ireland', '2011-12-07', ''),
(100, '', 'john', 'patrick mccready ', '12 anchoill', '', '', 'burtenport', 'donegal', 'ireland', '2008-03-04', ''),
(101, '', 'john', 'paul o''donoghue ', 'sea field', '', '', 'bantry', 'cork', 'ireland', '2012-06-18', ''),
(102, '', 'john', 'scott  ', '', 'tankerstown', '', 'rathooth', 'meath', 'ireland', '2000-01-01', ''),
(103, '', 'john', 'stack  ', '', 'tarmons', '', 'tarbert', 'kerry', 'ireland', '2000-01-01', ''),
(104, '', 'john', 'walsh  ', 'houlihans', 'passage', 'rathcommon', 'athlaca', 'limerick', 'ireland', '2000-01-01', ''),
(105, '', 'john', 'wycherley  ', '', 'ring', '', 'clonakilty', 'cork', 'ireland', '2000-01-01', ''),
(106, '', 'june', 'a ellis ', '8 an fearann', '', '', 'ardfert', 'kerry', 'ireland', '2013-02-19', ''),
(107, '', 'june', 'scannell  ', 'monnacappa', 'blarney', '', 'cork', 'cork', 'ireland', '2014-01-29', ''),
(108, '', 'karl', 'butterly  ', 'apartment 2, newlands court', 'kilmore road, artane', '', 'dublin 5', 'dublin', 'ireland', '2000-01-01', ''),
(109, '', 'kathleen', 'byrnes  ', 'bellaviste', '', '', 'ballinalard', 'tipperary', 'ireland', '2009-07-16', ''),
(110, '', 'kathleen', 'connery  ', 'woodview,', 'fairyfield', '', 'kilmallock', 'limerick', 'ireland', '2013-01-16', ''),
(111, '', 'kathleen', 'corey  ', 'reaffa', '', '', 'lissycasey', 'clare', 'ireland', '2010-12-16', ''),
(112, '', 'kathleen', 'foley  ', '13 railway view', '', '', 'clara', 'offaly', 'ireland', '2008-07-17', ''),
(113, '', 'kathleen', 'malloy  ', '51 brews hill', '', '', 'navan', 'meath', 'ireland', '2000-01-01', ''),
(114, '', 'kathleen', 'myers  ', '19 glenview', 'rochestown avenue', 'dun laoghaire', '', 'dublin', 'ireland', '2012-11-07', ''),
(115, '', 'kathleen', 'o''mahony  ', 'garryhankard house', '', '', 'upton', 'cork', 'ireland', '2014-06-20', ''),
(116, '', 'kathleen', 'reddan  ', 'meenacladdy', '', 'mennlaragh', 'falcarragh', 'donegal', 'ireland', '2009-07-16', ''),
(117, '', 'kathleen', 'sheehan  ', '6 lyons terrace', '', '', 'coachford', 'cork', 'ireland', '2000-01-01', ''),
(118, '', 'kathy', 'cunningham  ', 'rossaveel', '', '', 'galway', 'galway', 'ireland', '2013-06-24', ''),
(119, '', 'ken', 'trimble  ', 'dunbin', 'knockbridge', '', 'dundalk', 'louth', 'ireland', '2000-01-01', ''),
(120, '', 'kevin', 'boushel  ', 'calum', 'claremont road', 'cornellscourt hill, foxrock', 'dublin 18', 'dublin', 'ireland', '2012-04-13', ''),
(121, '', 'kurtis', 'donnelly  ', '61 seaview estate', '', '', 'laytown', 'meath', 'ireland', '2008-03-04', ''),
(122, '', 'lester', '& elaine sutton', 'the pastures', 'glasnamullen', '', 'bray', 'wicklow', 'ireland', '2000-01-01', ''),
(123, '', 'liam', 'aherne  ', 'baurleigh', '', '', 'bandon', 'cork', 'ireland', '2000-01-01', ''),
(124, '', 'liam', 'fitzgerald  ', 'blackthorn lodge', 'blackthorn close', '', 'newtownmountkennedy', 'wicklow', 'ireland', '2000-01-01', ''),
(125, '', 'liam', 'ryan  ', 'kiltale', '', '', 'dunsanny', 'meath', 'ireland', '2014-07-11', ''),
(126, '', 'lilian', 'colgan  ', '15 mcauley drive', '', 'dublin 5', 'artane', 'dublin', 'ireland', '2009-04-21', ''),
(127, '', 'linda', 'burke  ', '', '11 fair green court', '', 'bray', 'wicklow', 'ireland', '2010-01-28', ''),
(128, '', 'linda', 'leahy  ', 'knocklee house', 'castlemaine road', '', 'tralee', 'kerry', 'ireland', '2000-01-01', ''),
(129, '', 'linda', 'mccarthy ', '', '178 woodlands', '', 'navan', 'meath', 'ireland', '2008-04-09', ''),
(130, '', 'linda', 'mccarthy  ', 'derrygrath', '', '', 'clonmel', 'tipperary', 'ireland', '2008-03-18', ''),
(131, '', 'liz', 'hayes  ', '37 forest walk', '', '', 'swords', 'dublin', 'ireland', '2014-06-09', ''),
(132, '', 'liz', 'james  ', '5 westhill', 'convent road', '', 'letterkenny', 'donegal', 'ireland', '2000-01-01', ''),
(133, '', 'lorna', 'lonergan  ', 'giants grave', '', '', 'clonmel', 'tipperary', 'ireland', '2008-03-04', ''),
(134, '', 'mai', 'thompson  ', '65 oliver plunkett tce', '', '', 'clonmel', 'tipperary', 'ireland', '2012-01-09', ''),
(135, '', 'marc', 'egan  ', '7 kilnagleary business park', '', '', 'carrigaline', 'cork', 'ireland', '2000-01-01', ''),
(136, '', 'margaret', 'bourke  ', '', 'derrane resource centre', '', 'derrane', 'roscommon', 'ireland', '2000-01-01', ''),
(137, '', 'margaret', 'butler  ', 'ballintopher', '', '', 'killenaule', 'tipperary', 'ireland', '2000-01-01', ''),
(138, '', 'margaret', 'harte  ', '86 sandymount avenue', '', '', 'dublin 4', 'dublin', 'ireland', '2000-01-01', ''),
(139, '', 'margaret', 'langan  ', '17, dernish avenue', '', '', 'foynes', 'limerick', 'ireland', '2013-10-30', ''),
(140, '', 'margaret', 'o''callaghan  ', 'moneygave', 'coppeen', '', '', 'cork', 'ireland', '2012-06-18', ''),
(141, '', 'maria', 'wade  ', '7 church view', '', '', 'batterstown', 'meath', 'ireland', '2014-03-10', ''),
(142, '', 'mark', 'coffey  ', '59 leyland grove', 'clondalkin', '', 'dublin 22', '', 'ireland', '2010-09-14', ''),
(143, '', 'martin', 'keegan  ', '20 pembroke cottage', 'dundrum', '', 'dublin 14', 'dublin', 'ireland', '2012-02-22', ''),
(144, '', 'martina', 'wheelan  ', '28 paladius way', '', '', 'donard', 'wicklow', 'ireland', '2000-01-01', ''),
(145, '', 'mary', '& michael o''dowd', '7 the glebe,', 'mill rd', '', 'thurlus', 'tipperary', 'ireland', '2008-03-04', ''),
(146, '', 'mary', 'brennan  ', 'avoca national school', '', '', 'avoca', 'wicklow', 'ireland', '2009-09-02', ''),
(147, '', 'mary', 'butler  ', '', '', '', 'killenaule', 'tipperary', 'ireland', '2008-05-14', ''),
(148, '', 'mary', 'dolan  ', '', 'highfield', '', 'mount talbet', 'roscommon', 'ireland', '2000-01-01', ''),
(149, '', 'mary', 'mcphilip  ', 'coramegan', '', '', 'newbliss', 'monaghan', 'ireland', '2009-07-27', ''),
(150, '', 'mary', 'mitchell  ', '155 glenvara park', 'knocklyon', '', 'dublin 16', 'dublin', 'ireland', '2000-01-01', ''),
(151, '', 'mary', 'p cousins ', 'woodville house', 'ballyhooly', '', '', 'cork', 'ireland', '2010-04-01', ''),
(152, '', 'mary', 'power  ', '26 cooleen close', 'congress villas', '', 'dungarvan', 'waterford', 'ireland', '2008-02-29', ''),
(153, '', 'mary', 'pyne  ', 'ennis road', '', '', 'kildysert', 'clare', 'ireland', '2008-05-06', ''),
(154, '', 'mary', 'shanahan  ', '9 glencarrig', '', '', 'roscrea', 'tipperary', 'ireland', '2009-06-16', ''),
(155, '', 'mary', 'stack  ', 'keylod', '', '', 'moyvane', 'kerry', 'ireland', '2008-05-29', ''),
(156, '', 'mary', 'stack  ', 'moyvane', '', '', 'listowel', 'kerry', 'ireland', '2011-06-17', ''),
(157, '', 'matthew', 'kennedy  ', 'clonarden', 'garlow cross', '', 'navan', 'meath', 'ireland', '2012-02-10', ''),
(158, '', 'matthew', 'sharkey  ', '28 st mary''s heights', '', '', 'donore', 'meath', 'ireland', '2010-03-11', ''),
(159, '', 'maura', 'hayes  ', 'baggotstown', '', '', 'bruff', 'limerick', 'ireland', '2014-03-10', ''),
(160, '', 'maurice', 'king  ', 'coolagarranroe', 'burncourt', '', 'cahir', 'tipperary', 'ireland', '2014-02-10', ''),
(161, '', 'michael', 'cannon  ', 'iona cottage', '', '', 'kinnegad', 'meath', 'ireland', '2014-04-23', ''),
(162, '', 'michael', 'connolly  ', 'the bungalow', 'coolduve', 'kilmurry', 'lisarda', 'cork', 'ireland', '2010-03-11', ''),
(163, '', 'michael', 'doogan  ', 'ballyness', 'falcarragh', '', '', 'donegal', 'ireland', '2013-02-21', ''),
(164, '', 'michael', 'fanning  ', '18 bridge st', '', '', 'ballbriggin', 'dublin', 'ireland', '2008-03-04', ''),
(165, '', 'michael', 'joyce  ', '54 broadfard hill', 'ballinteer', '', 'dublin 16', 'dublin', 'ireland', '2000-01-01', ''),
(166, '', 'michael', 'rodgers  ', 'calhame', '', '', 'annagry', 'donegal', 'ireland', '2010-05-19', ''),
(167, '', 'michael', 'rogers  ', 'calhame', '', '', 'annagry', 'donegal', 'ireland', '2010-05-19', ''),
(168, '', 'michael', 'smyth  ', 'cloughabreeda', '', '', 'cahir', 'tipperary', 'ireland', '2008-07-14', ''),
(169, '', 'michelle', 'pender  ', '', '', '', '', '', 'ireland', '2010-08-23', ''),
(170, '', 'miriam', 'mcnamee  ', 'cloney logan', '', '', 'kildalkey', 'meath', 'ireland', '2013-10-16', ''),
(171, '', 'moira', 'grims  ', '5 bruce terrace', '', '', 'bray', 'wicklow', 'ireland', '2008-05-14', ''),
(172, 'mr.', '', 'o''donoghue  ', '36 fernleigh', '', '', 'carrigaline', 'cork', 'ireland', '2012-08-07', ''),
(173, 'mrs.', 'a', 'mccarthy  ', 'grange', 'kilumney', '', 'cork', '', 'ireland', '2013-01-14', ''),
(174, 'mrs.', '', 'beatty  ', '6 oliver plunkett terrace', '', '', 'ballylanders', 'limerick', 'ireland', '2000-01-01', ''),
(175, 'mrs.', '', 'kirby  ', '247 mourne road', '', '', 'dublin 12', 'dublin', 'ireland', '2008-07-14', ''),
(176, '', 'nathan', 'forristal  ', '4 slievenmon view', 'kilsheelan', '', 'clonmel', 'tipperary', 'ireland', '2000-01-01', ''),
(177, '', 'ned', 'doherty  ', 'ballindrap', '', '', 'bunbeg', 'donegal', 'ireland', '2008-04-09', ''),
(178, '', 'neil', 'boyle  ', 'ardloiscoin', 'leabgarrow', '', 'arranmore', 'donegal', 'ireland', '2008-04-17', ''),
(179, '', 'neil', 'williams  ', '14 eden wood', 'kilmainham wood', '', 'kells', 'meath', 'ireland', '2008-02-29', ''),
(180, '', 'niall', 'lynch  ', 'kilnamona', 'meath road', '', 'bray', 'wicklow', 'ireland', '2011-06-17', ''),
(181, '', 'nichola', 'ryan kirwan ', '', 'knockgraffon', '', 'cahir', 'tipperary', 'ireland', '2000-01-01', ''),
(182, '', 'nicolas', '& anne dunne', 'churchtown', '', '', 'carrick-on-suir', 'tipperary', 'ireland', '2008-04-02', ''),
(183, '', 'noel', 'mcgarr  ', '39 our lady''s place', '', '', 'naas', 'kildare', 'ireland', '2000-01-01', ''),
(184, '', 'nora', 'o''brien  ', 'bishops court', '', 'ballyduff', 'tralee', 'kerry', 'ireland', '2008-04-14', ''),
(185, '', 'olive', 'moore  ', '99 muckross avenue', 'perrystown', '', 'dublin 12', 'dublin', 'ireland', '2000-01-01', ''),
(186, '', 'olivia', 'buckley  ', '30 high meadows', '', '', 'duleek', 'meath', 'ireland', '2012-11-08', ''),
(187, '', 'oonagh', 'baker  ', 'ardmor', '', '', 'ballydavid', 'kerry', 'ireland', '2008-06-03', ''),
(188, '', 'oonagh', 'moore  ', 'crossdrumtower', '', '', 'oldcastle', 'meath', 'ireland', '2008-03-05', ''),
(189, '', 'orlaith', 'mangan  ', '34 the demesne', 'ross road', '', 'killarney', 'kerry', 'ireland', '2008-06-03', ''),
(190, '', 'owen', 'ward  ', 'keadue', '', '', 'burtonport', 'donegal', 'ireland', '2011-05-04', ''),
(191, '', 'paddy', 'redmond  ', 'the walk', 'kimnitty', '', 'birr', 'offaly', 'ireland', '2000-01-01', ''),
(192, '', 'pat', 'comber  ', 'carhuligane', '', 'mullagh', 'ennis', 'clare', 'ireland', '2009-08-20', ''),
(193, '', 'pat', 'mangan  ', 'rockfield', 'ballymacelligott', '', 'tralee', 'kerry', 'ireland', '2010-07-14', ''),
(194, '', 'patricia', 'mcnamee  ', '17 curraheen drive', 'bishopstown', '', 'cork', '', 'ireland', '2011-01-17', ''),
(195, '', 'patrick', 'dawson  ', '49 newcourt', '', '', 'bray', 'wicklow', 'ireland', '2010-09-29', ''),
(196, '', 'patrick', 'doran  ', '3ballinapark', '', '', 'avoca', 'wicklow', 'ireland', '2008-01-21', ''),
(197, '', 'patrick', 'flanagan  ', 'gurrane firies', '', '', 'killarney', 'kerry', 'ireland', '2000-01-01', ''),
(198, '', 'patrick', 'keogh  ', '77 pearse gardens', '', '', 'sallynoggin', 'dublin', 'ireland', '2008-07-28', ''),
(199, '', 'patrick', 'o''daly  ', '4 gosworth park', 'sandycove', '', 'dublin', 'dublin', 'ireland', '2000-01-01', ''),
(200, '', 'patrick', 'o''sullivan  ', 'sycamore drive', '', '', 'newcastlewest', 'limerick', 'ireland', '2010-09-14', ''),
(201, '', 'patrick', 'spellman  ', '9 bawnville drive', 'tallaght', 'dublin 24', 'tallaght', 'dublin', 'ireland', '2000-01-01', ''),
(202, '', 'paul', '& michelle fitzpatrick', '67 lucan road', '', 'dublin 20', 'chapelizod', 'dublin', 'ireland', '2011-10-21', ''),
(203, '', 'paul', 'cope  ', 'hymanstown', '', '', 'new inn', 'tipperary', 'ireland', '2000-01-01', ''),
(204, '', 'paul', 'shee  ', 'bannoxtown', 'fethard', '', '', 'tipperary', 'ireland', '2014-06-09', ''),
(205, '', 'paula', 'steele  ', 'barrow house', 'ballylinan', '', 'athy', 'kildare', 'ireland', '2011-11-21', ''),
(206, '', 'pauline', 'vaughan  ', 'cloncon', 'ballagh', '', 'co limerick', '', 'ireland', '2013-05-27', ''),
(207, '', 'peter', 'mchugh  ', 'drumbohill', '', '', 'portnoo', 'donegal', 'ireland', '2000-01-01', ''),
(208, '', 'philomena', 'o''gorman  ', 'gortnahaha', '', '', 'kildysart', 'clare', 'ireland', '2012-02-22', ''),
(209, '', 'richard/dick', 'smith  ', '20 kilcarty road', 'kilmessen', '', 'navan', 'meath', 'ireland', '2012-01-04', ''),
(210, '', 'robert', 'blackmore  ', 'crosscannon', '', '', 'killenaule', 'tipperary', 'ireland', '2008-06-03', ''),
(211, '', 'ronan', 'kildea  ', '3 castlerock', 'tulla road', '', 'ennis', 'clare', 'ireland', '2012-02-22', ''),
(212, '', 'rose', 'christie  ', '9 finglas lawn', '', '', 'dublin', 'dublin', 'ireland', '2000-01-01', ''),
(213, '', 'sadie', 'mc kenna ', '37 hawthorne way', '', '', 'ballyclaire', 'antrim', 'ireland', '2000-01-01', ''),
(214, '', 'sarah', 'garrity  ', '3lisdrumskeagh', '', '', 'shercock', 'cavan', 'ireland', '2008-05-06', ''),
(215, '', 'sean', 'cullen  ', 'castlecolumb', '', '', 'knocktopher', 'kilkenny', 'ireland', '2000-01-01', ''),
(216, '', 'sean', 'hanafin  ', 'beenbawn', '', '', 'dingle', 'kerry', 'ireland', '2008-10-21', ''),
(217, '', 'sean', 'o connell ', '6 reask green', '', '', 'navan', 'meath', 'ireland', '2008-02-18', ''),
(218, '', 'sean', 'o''riada  ', 'cuil aodh', '', '', 'macroom', 'cork', 'ireland', '2010-02-11', ''),
(219, '', 'sean', 'quish  ', 'hilton estate', 'model farm rd', '', 'bishopstown', 'cork', 'ireland', '2010-12-15', ''),
(220, '', 'sean', 'rodgers  ', 'calhame', '', '', 'annagry', 'donegal', 'ireland', '2009-05-13', ''),
(221, '', 'service', '  ', '', '', '', '', '', 'ireland', '2000-01-01', ''),
(222, '', 'sharon', 'friel  ', '2 turvey avenue cottages', 'donabaate', '', 'dublin', 'dublin', 'ireland', '2014-06-19', ''),
(223, '', 'sheila', 'gillespie  ', '9 ard chrone', 'quay road', '', 'dungloe', 'donegal', 'ireland', '2000-01-01', ''),
(224, '', 'sheila', 'murphy  ', 'butterfly cottage', 'tinnapark drive', 'old long hill, enniskerry', 'killpeder', 'wicklow', 'ireland', '2011-12-07', ''),
(225, '', 'sinead', 'o''mahony  ', 'ballinaka', 'feohunall', '', 'newcastle road', 'limerick', 'ireland', '2008-04-14', ''),
(226, '', 'sinead', 'perez  ', '44 cluain drochead', '', '', 'sixmilebridge', 'clare', 'ireland', '2014-02-10', ''),
(227, '', 'stephen', 'harding  ', 'liscarton', 'kells road', '', 'navan', 'meath', 'ireland', '2008-03-04', ''),
(228, '', 'stephen', 'mahoney  ', 'chestnut house', 'camp', '', 'castleisland', 'kerry', 'ireland', '2000-01-01', ''),
(229, '', 'stephen', 'mcnulty  ', 'clondalkin', '', '', 'clondalkin', 'dublin', 'ireland', '2000-01-01', ''),
(230, '', 'susan', 'clarke  ', '', '25 glendale drive', '', 'letterkenny', 'donegal', 'ireland', '2008-10-07', ''),
(231, '', 'susan', 'mcnabb  ', '89 monastery drive', '', '', 'clondalkin', 'dublin', 'ireland', '2010-07-06', ''),
(232, '', 'tara', 'fields  ', 'tarker house, lehenaghmore', '', '', 'pouladuff', 'cork', 'ireland', '2010-11-02', ''),
(233, '', 'terence', 'murphy  ', 'silver birch', '211 killarney park', '', 'bray', 'wicklow', 'ireland', '2008-05-14', ''),
(234, '', 'teresa', 'mcconnoll  ', '104 bunting road', 'walkinstown', '', 'dublin 12', 'dublin', 'ireland', '2000-01-01', ''),
(235, '', 'thomas', 'bruton  ', 'confey stud', '', '', 'leixlip', 'kildare', 'ireland', '2014-06-09', ''),
(236, '', 'tony', 'heffernan  ', 'carnan house', 'castlemaine', 'ref: saoirse heffernan', '', 'kerry', 'ireland', '2010-07-06', ''),
(237, '', 'tony', 'kitterick  ', '56 fernhill', 'glencar', '', 'letterkenny', 'donegal', 'ireland', '2008-12-11', ''),
(238, '', 'tracy', 'harris  ', '', '31 ard na graine', '', 'bray', 'wicklow', 'ireland', '2000-01-01', ''),
(239, '', 'una', 'baker  ', 'ardamore', 'ballydavid', '', 'tralee', 'kerry', 'ireland', '2009-01-30', ''),
(240, '', 'val', 'nolan  ', 'monashennach', 'ardagh', '', '', 'limerick', 'ireland', '2014-06-20', ''),
(241, '', 'vincent', 'cagney  ', '', '', '', 'kilteely', 'limerick', 'ireland', '2010-09-15', ''),
(242, '', 'william', 'mitchell  ', '387 ard baithin', 'st. johnston', '', 'lifford', 'donegal', 'ireland', '2000-01-01', ''),
(243, '', 'william', 'ward  ', '2 knocknalree grove', 'dalkey', '', 'dun laoghaire', 'dublin', 'ireland', '2000-01-01', ''),
(244, '', 'willy', 'carthy  ', '2 st. catherine''s', 'wetlands', '', 'kilkenny', 'kilkenny', 'ireland', '2008-04-15', '');

-- --------------------------------------------------------

--
-- Table structure for table `given`
--

DROP TABLE IF EXISTS `given`;
CREATE TABLE IF NOT EXISTS `given` (
  `jobid` int(12) NOT NULL,
  `quoteid` varchar(12) NOT NULL,
  `date` date NOT NULL,
  `job_number` varchar(12) NOT NULL,
  UNIQUE KEY `job_number` (`job_number`),
  KEY `jobid` (`jobid`),
  KEY `quoteid` (`quoteid`)
) ENGINE=InnoDB DEFAULT CHARSET=latin1;

-- --------------------------------------------------------

--
-- Table structure for table `going_on`
--

DROP TABLE IF EXISTS `going_on`;
CREATE TABLE IF NOT EXISTS `going_on` (
  `userid` varchar(20) NOT NULL,
  `holidayid` int(6) NOT NULL,
  KEY `holidayid` (`holidayid`),
  KEY `userid` (`userid`)
) ENGINE=InnoDB DEFAULT CHARSET=latin1;

-- --------------------------------------------------------

--
-- Table structure for table `has`
--

DROP TABLE IF EXISTS `has`;
CREATE TABLE IF NOT EXISTS `has` (
  `contactid` int(10) NOT NULL,
  `workerid` int(10) NOT NULL,
  KEY `contactid` (`contactid`),
  KEY `workerid` (`workerid`)
) ENGINE=InnoDB DEFAULT CHARSET=latin1;

--
-- Dumping data for table `has`
--

INSERT INTO `has` (`contactid`, `workerid`) VALUES
(1, 1),
(2, 2),
(3, 3),
(4, 4),
(5, 5),
(6, 6),
(7, 7),
(8, 8),
(9, 9),
(10, 10),
(11, 11),
(12, 12),
(13, 13),
(14, 14),
(15, 15),
(16, 16),
(17, 17),
(18, 18),
(19, 19),
(20, 20),
(21, 21),
(22, 22),
(23, 23),
(24, 24),
(25, 25),
(26, 26),
(27, 27),
(28, 28),
(29, 29),
(30, 30),
(31, 31),
(32, 32),
(33, 33),
(34, 34),
(35, 35),
(36, 36),
(37, 37),
(38, 38),
(39, 39),
(40, 40),
(41, 41),
(42, 42),
(43, 43),
(44, 44),
(45, 45),
(46, 46),
(47, 47),
(48, 48),
(49, 49),
(50, 50),
(51, 51),
(52, 52),
(53, 53),
(54, 54),
(55, 55),
(56, 56),
(57, 57),
(58, 58),
(59, 59),
(60, 60),
(61, 61),
(62, 62),
(63, 63),
(64, 64),
(65, 65),
(66, 66),
(67, 67),
(68, 68),
(69, 69),
(70, 70),
(71, 71),
(72, 72),
(73, 73),
(74, 74),
(75, 75),
(76, 76),
(77, 77),
(78, 78),
(79, 79),
(80, 80),
(81, 81),
(82, 82),
(83, 83),
(84, 84),
(85, 85),
(86, 86),
(87, 87),
(88, 88),
(89, 89),
(90, 90),
(91, 91),
(92, 92),
(93, 93),
(94, 94),
(95, 95),
(96, 96),
(97, 97),
(98, 98),
(99, 99),
(100, 100),
(101, 101),
(102, 102),
(103, 103),
(104, 104),
(105, 105),
(106, 106),
(107, 107),
(108, 108),
(109, 109),
(110, 110),
(111, 111),
(112, 112),
(113, 113),
(114, 114),
(115, 115),
(116, 116),
(117, 117),
(118, 118),
(119, 119),
(120, 120),
(121, 121),
(122, 122),
(123, 123),
(124, 124),
(125, 125),
(126, 126),
(127, 127),
(128, 128),
(129, 129),
(130, 130),
(131, 131),
(132, 132),
(133, 133),
(134, 134),
(135, 135),
(136, 136),
(137, 137),
(138, 138),
(139, 139),
(140, 140),
(141, 141),
(142, 142),
(143, 143),
(144, 144),
(145, 145),
(146, 146),
(147, 147),
(148, 148),
(149, 149),
(150, 150),
(151, 151),
(152, 152),
(153, 153),
(154, 154),
(155, 155),
(156, 156),
(157, 157),
(158, 158),
(159, 159),
(160, 160),
(161, 161),
(162, 162),
(163, 163),
(164, 164),
(165, 165),
(166, 166),
(167, 167),
(168, 168),
(169, 169),
(170, 170),
(171, 171),
(172, 172),
(173, 173),
(174, 174),
(175, 175),
(176, 176),
(177, 177),
(178, 178),
(179, 179),
(180, 180),
(181, 181),
(182, 182),
(183, 183),
(184, 184),
(185, 185),
(186, 186),
(187, 187),
(188, 188),
(189, 189),
(190, 190),
(191, 191),
(192, 192),
(193, 193),
(194, 194),
(195, 195),
(196, 196),
(197, 197),
(198, 198),
(199, 199),
(200, 200),
(201, 201),
(202, 202),
(203, 203),
(204, 204),
(205, 205),
(206, 206),
(207, 207),
(208, 208),
(209, 209),
(210, 210),
(211, 211),
(212, 212),
(213, 213),
(214, 214),
(215, 215),
(216, 216),
(217, 217),
(218, 218),
(219, 219),
(220, 220),
(221, 221),
(222, 222),
(223, 223),
(224, 224),
(225, 225),
(226, 226),
(227, 227),
(228, 228),
(229, 229),
(230, 230),
(231, 231),
(232, 232),
(233, 233),
(234, 234),
(235, 235),
(236, 236),
(237, 237),
(238, 238),
(239, 239),
(240, 240),
(241, 241),
(242, 242),
(243, 243),
(244, 244),
(245, 245),
(246, 246),
(247, 247),
(248, 248),
(249, 249),
(250, 250),
(251, 251),
(252, 252),
(253, 253),
(254, 254),
(255, 255),
(256, 256),
(257, 257),
(258, 258),
(259, 259),
(260, 260),
(261, 261),
(262, 262),
(263, 263),
(264, 264),
(265, 265),
(266, 266),
(267, 267),
(268, 268),
(269, 269),
(270, 270),
(271, 271),
(272, 272),
(273, 273),
(274, 274),
(275, 275),
(276, 276),
(277, 277),
(278, 278),
(279, 279),
(280, 280),
(281, 281),
(282, 282),
(283, 283),
(284, 284),
(285, 285),
(286, 286),
(287, 287),
(288, 288),
(289, 289),
(290, 290),
(291, 291),
(292, 292),
(293, 293),
(294, 294),
(295, 295),
(296, 296),
(297, 297),
(298, 298),
(299, 299),
(300, 300),
(301, 301),
(302, 302),
(303, 303),
(304, 304),
(305, 305),
(306, 306),
(307, 307),
(308, 308),
(309, 309),
(310, 310),
(311, 311),
(312, 312),
(313, 313),
(314, 314),
(315, 315),
(316, 316),
(317, 317),
(318, 318),
(319, 319),
(320, 320),
(321, 321),
(322, 322),
(323, 323),
(324, 324),
(325, 325),
(326, 326),
(327, 327),
(328, 328),
(329, 329),
(330, 330),
(331, 331),
(332, 332),
(333, 333),
(334, 334),
(335, 335),
(336, 336),
(337, 337),
(338, 338),
(339, 339),
(340, 340),
(341, 341),
(342, 342),
(343, 343),
(344, 344),
(345, 345),
(346, 346),
(347, 347),
(348, 348),
(349, 349),
(350, 350),
(351, 351),
(352, 352),
(353, 353),
(354, 354),
(355, 355),
(356, 356),
(357, 357),
(358, 358),
(359, 359),
(360, 360),
(361, 361),
(362, 362),
(363, 363),
(364, 364),
(365, 365),
(366, 366),
(367, 367),
(368, 368),
(369, 369),
(370, 370),
(371, 371),
(372, 372),
(373, 373),
(374, 374),
(375, 375),
(376, 376),
(377, 377),
(378, 378),
(379, 379),
(380, 380),
(381, 381),
(382, 382),
(383, 383),
(384, 384),
(385, 385),
(386, 386),
(387, 387),
(388, 388),
(389, 389),
(390, 390),
(391, 391),
(392, 392),
(393, 393),
(394, 394),
(395, 395),
(396, 396),
(397, 397),
(398, 398),
(399, 399),
(400, 400),
(401, 401),
(402, 402),
(403, 403),
(404, 404),
(405, 405),
(406, 406),
(407, 407),
(408, 408),
(409, 409),
(410, 410),
(411, 411),
(412, 412),
(413, 413),
(414, 414),
(415, 415),
(416, 416),
(417, 417),
(418, 418),
(419, 419),
(420, 420),
(421, 421),
(422, 422),
(423, 423),
(424, 424),
(425, 425),
(426, 426),
(427, 427),
(428, 428),
(429, 429),
(430, 430),
(431, 431),
(432, 432),
(433, 433),
(434, 434),
(435, 435),
(436, 436),
(437, 437),
(438, 438),
(439, 439),
(440, 440),
(441, 441),
(442, 442),
(443, 443),
(444, 444),
(445, 445),
(446, 446),
(447, 447),
(448, 448),
(449, 449),
(450, 450),
(451, 451),
(452, 452),
(453, 453),
(454, 454),
(455, 455),
(456, 456),
(457, 457),
(458, 458),
(459, 459),
(460, 460),
(461, 461),
(462, 462),
(463, 463),
(464, 464),
(465, 465),
(466, 466),
(467, 467),
(468, 468),
(469, 469),
(470, 470),
(471, 471),
(472, 472),
(473, 473),
(474, 474),
(475, 475),
(476, 476),
(477, 477),
(478, 478),
(479, 479),
(480, 480),
(481, 481),
(482, 482),
(483, 483),
(484, 484),
(485, 485),
(486, 486),
(487, 487),
(488, 488),
(489, 489),
(490, 490),
(491, 491),
(492, 492),
(493, 493),
(494, 494),
(495, 495),
(496, 496),
(497, 497),
(498, 498),
(499, 499),
(500, 500),
(501, 501),
(502, 502),
(503, 503),
(504, 504),
(505, 505),
(506, 506),
(507, 507),
(508, 508),
(509, 509),
(510, 510),
(511, 511),
(512, 512),
(513, 513),
(514, 514);

-- --------------------------------------------------------

--
-- Table structure for table `holidays_and_leave`
--

DROP TABLE IF EXISTS `holidays_and_leave`;
CREATE TABLE IF NOT EXISTS `holidays_and_leave` (
  `holidayid` int(6) NOT NULL AUTO_INCREMENT,
  `start_date` date NOT NULL,
  `end_date` date NOT NULL,
  PRIMARY KEY (`holidayid`)
) ENGINE=InnoDB DEFAULT CHARSET=latin1;

-- --------------------------------------------------------

--
-- Table structure for table `jobs`
--

DROP TABLE IF EXISTS `jobs`;
CREATE TABLE IF NOT EXISTS `jobs` (
  `jobid` int(12) NOT NULL,
  `job_type` varchar(17) NOT NULL,
  `job_description` varchar(200) NOT NULL,
  `job_status` varchar(14) NOT NULL,
  `due_date` date NOT NULL,
  `time` time NOT NULL,
  `department` varchar(11) NOT NULL,
  PRIMARY KEY (`jobid`)
) ENGINE=InnoDB DEFAULT CHARSET=latin1;

-- --------------------------------------------------------

--
-- Table structure for table `job_location`
--

DROP TABLE IF EXISTS `job_location`;
CREATE TABLE IF NOT EXISTS `job_location` (
  `jobid` int(12) NOT NULL,
  `address_line1` varchar(35) NOT NULL,
  `address_line2` varchar(35) NOT NULL,
  `address_line3` varchar(35) NOT NULL,
  `county` varchar(15) NOT NULL,
  `country` varchar(28) NOT NULL,
  `start_date` date NOT NULL,
  `start_time` time NOT NULL,
  `finish_date` date NOT NULL,
  `finish_time` time NOT NULL,
  `labour_hours` int(3) NOT NULL,
  PRIMARY KEY (`jobid`)
) ENGINE=InnoDB DEFAULT CHARSET=latin1;

-- --------------------------------------------------------

--
-- Table structure for table `needs`
--

DROP TABLE IF EXISTS `needs`;
CREATE TABLE IF NOT EXISTS `needs` (
  `serialid` varchar(17) NOT NULL,
  `jobid` int(12) NOT NULL,
  `quantity` int(11) NOT NULL,
  `installation_date` date NOT NULL,
  `service_date` date NOT NULL,
  `inspection_date` date NOT NULL,
  `ownership` tinyint(1) NOT NULL,
  KEY `serialid` (`serialid`),
  KEY `jobid` (`jobid`)
) ENGINE=InnoDB DEFAULT CHARSET=latin1;

-- --------------------------------------------------------

--
-- Table structure for table `password`
--

DROP TABLE IF EXISTS `password`;
CREATE TABLE IF NOT EXISTS `password` (
  `password` varchar(20) NOT NULL,
  `userid` varchar(20) NOT NULL,
  KEY `userid` (`userid`)
) ENGINE=InnoDB DEFAULT CHARSET=latin1;

-- --------------------------------------------------------

--
-- Table structure for table `quotes`
--

DROP TABLE IF EXISTS `quotes`;
CREATE TABLE IF NOT EXISTS `quotes` (
  `quoteid` varchar(7) NOT NULL,
  PRIMARY KEY (`quoteid`)
) ENGINE=InnoDB DEFAULT CHARSET=latin1;

-- --------------------------------------------------------

--
-- Table structure for table `requires`
--

DROP TABLE IF EXISTS `requires`;
CREATE TABLE IF NOT EXISTS `requires` (
  `companyid` int(12) DEFAULT NULL,
  `customerid` int(12) DEFAULT NULL,
  `jobid` int(12) NOT NULL,
  `booking_date` date DEFAULT NULL,
  KEY `companyid` (`companyid`),
  KEY `jobid` (`jobid`),
  KEY `customerid` (`customerid`)
) ENGINE=InnoDB DEFAULT CHARSET=latin1;

-- --------------------------------------------------------

--
-- Table structure for table `stock`
--

DROP TABLE IF EXISTS `stock`;
CREATE TABLE IF NOT EXISTS `stock` (
  `serialid` varchar(17) NOT NULL,
  `name` varchar(35) NOT NULL,
  `product_description` varchar(200) NOT NULL,
  `quantity_in_stock` int(5) NOT NULL,
  PRIMARY KEY (`serialid`)
) ENGINE=InnoDB DEFAULT CHARSET=latin1;

-- --------------------------------------------------------

--
-- Table structure for table `users`
--

DROP TABLE IF EXISTS `users`;
CREATE TABLE IF NOT EXISTS `users` (
  `userid` varchar(20) NOT NULL,
  `first_name` varchar(20) NOT NULL,
  `last_name` varchar(30) NOT NULL,
  `phone_num` varchar(12) NOT NULL,
  `mobile_phone_num` varchar(12) NOT NULL,
  `email` varchar(45) NOT NULL,
  `department` varchar(11) NOT NULL,
  PRIMARY KEY (`userid`)
) ENGINE=InnoDB DEFAULT CHARSET=latin1;

-- --------------------------------------------------------

--
-- Table structure for table `workers`
--

DROP TABLE IF EXISTS `workers`;
CREATE TABLE IF NOT EXISTS `workers` (
  `workerid` int(10) NOT NULL AUTO_INCREMENT,
  `name_prefix` varchar(6) DEFAULT NULL,
  `first_name` varchar(20) NOT NULL,
  `last_name` varchar(30) NOT NULL,
  `job_title` varchar(35) DEFAULT NULL,
  `department` varchar(12) DEFAULT NULL,
  `pref_contact_type` varchar(10) DEFAULT NULL,
  `last_contacted` date DEFAULT NULL,
  PRIMARY KEY (`workerid`)
) ENGINE=InnoDB AUTO_INCREMENT=603 DEFAULT CHARSET=latin1;

--
-- Dumping data for table `workers`
--

INSERT INTO `workers` (`workerid`, `name_prefix`, `first_name`, `last_name`, `job_title`, `department`, `pref_contact_type`, `last_contacted`) VALUES
(1, '', 'doreen', 'tobin', '', '', '', '2014-03-07'),
(2, '', 'helen', 'guinan', '', '', '', '2008-03-04'),
(3, '', 'mark', 'hickey', '', '', '', '2000-01-01'),
(4, '', 'clare', 'rowe', '', '', '', '2014-02-10'),
(5, '', 'jessica', 'mcgrath', '', '', '', '2014-03-07'),
(6, '', 'jim', 'healy', '', '', '', '2013-08-12'),
(7, '', 'jim', 'kinsella', '', '', '', '2014-06-09'),
(8, '', 'martin', 'keegan', '', '', '', '2014-02-10'),
(9, '', 'mary', 'butler', '', '', '', '2000-01-01'),
(10, '', 'john', 'mcguire', 'director of nursing', '', '', '2014-03-10'),
(11, '', 'john', 'ryan', 'director of nursing', '', '', '2010-03-12'),
(12, '', 'john', 'walsh', 'director of nursing', '', '', '2014-03-10'),
(13, '', 'eamonn', 'martin', '', '', '', '2014-03-07'),
(14, '', 'pat', 'sealen', '', '', '', '2014-06-09'),
(15, '', 'jacqueline', 'hayes', '', '', '', '2014-01-28'),
(16, '', 'majella', 'french o''connor', '', '', '', '2010-03-15'),
(17, '', 'bernadette', 'mcmanus', '', '', '', '2010-03-15'),
(18, '', 'christina', 'ruane', '', '', '', '2010-03-15'),
(19, '', 'hilda', 'murphy', '', '', '', '2010-03-15'),
(20, '', 'onagh', 'baker', '', '', '', '2010-03-15'),
(21, '', 'agnes', 'malone', '', '', '', '2000-01-01'),
(22, '', 'alan', 'corcoran', '', '', '', '2000-01-01'),
(23, '', 'brendan', 'deering', '', '', '', '2000-01-01'),
(24, '', 'conor', 'smith', '', '', '', '2011-03-28'),
(25, '', 'daniel', 'mcinmery dunne', '', '', '', '2000-01-01'),
(26, '', 'donal', 'o''brien', '', '', '', '2000-01-01'),
(27, '', 'john', 'meeke', '', '', '', '2011-03-28'),
(28, '', 'ken', 'trimble', '', '', '', '2000-01-01'),
(29, '', 'kurtis', 'donnelly', '', '', '', '2000-01-01'),
(30, '', 'mary', 'dolan', '', '', '', '2009-08-25'),
(31, '', 'michael', 'joyce', '', '', '', '2000-01-01'),
(32, '', 'paddy', 'o''brien', '', '', '', '2014-02-17'),
(33, '', 'susan', 'mcnabb', '', '', '', '2013-08-21'),
(34, '', 'mary', 'o''connor', '', '', '', '2010-11-02'),
(35, '', 'kathleen', 'barry murphy', 'school principle', '', '', '2010-03-12'),
(36, '', 'pamala', 'emnis', 'occupational therapist', '', '', '2008-02-29'),
(37, '', 'ann', 'o''dwyer', '', '', '', '2014-03-10'),
(38, '', 'avril', 'king', '', '', '', '2013-08-12'),
(39, '', 'cliona', 'ni neill', '', '', '', '2000-01-01'),
(40, '', 'evelyn', 'mcdermott', '', '', '', '2013-08-12'),
(41, '', 'mr', 'o''donnel', '', '', '', '2012-01-23'),
(67, '', 'majella', 'french o''connor', '', '', '', '2010-07-06'),
(68, '', 'margaret', 'hughes', '', '', '', '2014-01-28'),
(69, '', 'margaret', 'lordan', '', '', '', '2000-01-01'),
(70, '', 'maureen', 'hannon', '', '', '', '2010-11-02'),
(71, '', 'mourice', 'o''riordan', '', '', '', '2014-04-23'),
(72, '', 'mrs', 'beatty', 'building and safety officer', '', '', '2014-06-06'),
(73, '', 'oonagh', 'magner', '', '', '', '2014-06-09'),
(74, '', 'paul', 'o''callaghan', '', '', '', '2014-04-23'),
(75, '', 'principal', '', '', '', '', '2000-01-01'),
(76, '', 'robert', 'blackmore', '', '', '', '2014-06-09'),
(77, '', 'stephanie', 'ryan', '', '', '', '2014-06-20'),
(78, '', 'tony', 'diver', '', '', '', '2014-01-20'),
(79, '', 'gabriel', 'keane', 'school principal', '', '', '2011-12-07'),
(80, '', 'george', 'mcmahon', 'school principal', '', '', '2008-04-09'),
(81, '', 'catherine', 'mcguiness', '', '', '', '2010-05-19'),
(82, '', 'ambrosse', 'lavery', '', '', '', '2014-01-22'),
(83, '', 'a', '', '', '', '', '2000-01-01'),
(84, '', 'anthony', 'sheridan', '', '', '', '2000-01-01'),
(85, '', 'bernadette', 'kane', '', '', '', '2009-07-16'),
(86, '', 'caroline', 'acton', '', '', '', '2008-10-08'),
(87, '', 'elaine', 'mcgregors class', '', '', '', '2000-01-01'),
(88, '', 'elizabeth', 'halton', '', '', '', '2009-02-05'),
(89, '', 'jack', 'o''connor', '', '', '', '2000-01-01'),
(90, '', 'jane', 'fennessy', '', '', '', '2000-01-01'),
(91, '', 'jean', 'noctor', '', '', '', '2000-01-01'),
(92, '', 'kay', 'o''mahony', '', '', '', '2008-04-15'),
(93, '', 'margaret', 'mcnally', 'occupational therapist', '', '', '2000-01-01'),
(94, '', 'mary', 'seymore', '', '', '', '2000-01-01'),
(95, '', 'roseta', 'herr', '', '', '', '2000-01-01'),
(96, '', 'shane', 'mcloon', '', '', '', '2008-05-29'),
(97, '', 'stephen', 'boyd', '', '', '', '2000-01-01'),
(98, '', 'tricia', 'hamilton', '', '', '', '2000-01-01'),
(99, '', 'june', 'scannell', '', '', '', '2000-01-01'),
(100, '', 'cyril', 'crosbie', '', '', '', '2014-03-10'),
(101, '', 'karen', 'sheehan', '', '', '', '2010-09-14'),
(102, '', 'killarney', 'nursing home', '', '', '', '2014-07-11'),
(103, '', 'brendan', 'boyce', '', '', '', '2014-06-19'),
(104, '', 'deidre', 'courtney', '', '', '', '2014-06-19'),
(105, '', 'ger', 'o''doyal', '', '', '', '2014-06-19'),
(106, '', 'jennifer', 'quirke', '', '', '', '2014-06-19'),
(107, '', 'alan', 'smart', '', '', '', '2013-08-12'),
(108, '', 'anne', 'naughton', '', '', '', '2013-08-21'),
(109, '', 'brothers', 'of charity', '', '', '', '2013-08-21'),
(110, '', 'dairina', 'nic con iomaire', '', '', '', '2013-08-12'),
(111, '', 'denis', 'ferry', '', '', '', '2013-11-13'),
(112, '', 'ger', 'costello', '', '', '', '2013-08-12'),
(113, '', 'kathleen', 'corey', '', '', '', '2014-01-28'),
(114, '', 'margaret', 'bourke', '', '', '', '2013-08-21'),
(115, '', 'michelle', 'o''neill', '', '', '', '2013-08-12'),
(116, '', 'nicolas', 'dunne', '', '', '', '2000-01-01'),
(117, '', 'patrick', 'dwyer', '', '', '', '2011-06-17'),
(118, '', 'patrick', 'o''dwyer', '', '', '', '2000-01-01'),
(119, '', 'principal', '', '', '', '', '2000-01-01'),
(120, '', 'frank', 'devine', '', '', '', '2013-11-27'),
(121, '', 'mary', 'shanahan', '', '', '', '2014-02-17'),
(122, '', 'lorna', 'o''neill client', 'principal', '', '', '2013-08-06'),
(123, '', 'kevin', 'cusack', '', '', '', '2010-03-12'),
(124, '', 'jack', 'durkin', '', '', '', '2008-02-26'),
(125, '', 'ann', 'mcgrath', '', '', '', '2008-05-06'),
(126, '', 'jason', 'farrell', '', '', '', '2000-01-01'),
(127, '', 'liam', 'long', '', '', '', '2010-07-06'),
(128, '', 'yvonne', 'huston', 'administrator', '', '', '2008-04-15'),
(129, '', 'maura', 'ryan', '', '', '', '2009-07-23'),
(130, '', 'susan', 'doran', '', '', '', '2009-06-30'),
(131, '', 'una', 'baker', '', '', '', '2009-06-30'),
(132, '', 'jacqueline', 'o''reilly dillon', 'architect', '', '', '2014-03-10'),
(133, '', 'james', 'black', 'architect', '', '', '2014-03-10'),
(134, '', 'kathleen', 'doherty', 'architect', '', '', '2000-01-01'),
(135, '', 'kathleen', 'myers', 'architect', '', '', '2014-03-10'),
(136, '', 'mary', 'cooke', '', '', '', '2000-01-01'),
(137, '', 'sharon', 'friel', '', '', '', '2000-01-01'),
(138, '', 'clare', 'russell', '', '', '', '2014-07-11'),
(139, '', 'debbie', 'fahy', '', '', '', '2000-01-01'),
(140, '', 'margie', 'carty', '', '', '', '2013-08-12'),
(141, '', 'sinead', 'o''mahony', '', '', '', '2013-08-21'),
(142, '', 'joan', 'keehan', '', '', '', '2000-01-01'),
(143, '', 'mary', 'auchincloss', '', '', '', '2000-01-01'),
(144, '', 'patricia', 'mcnamee', '', '', '', '2000-01-01'),
(145, '', 'david', '& niall stewart', '', '', '', '2000-01-01'),
(146, '', 'martin', 'patwell', 'area manager', '', '', '2008-12-11'),
(147, '', 'neil', 'boyle', 'area manager', '', '', '2000-01-01'),
(148, '', 'dave', 'o''halloran', '', '', '', '2000-01-01'),
(149, '', 'tom', 'traynor', '', '', '', '2000-01-01'),
(150, '', 'elizabeth', 'coffey', '', '', '', '2014-07-11'),
(151, '', 'anne', 'gaffeny', 'director of services', '', '', '2011-08-08'),
(152, '', 'brigit', 'lang', 'director of services', '', '', '2011-08-08'),
(153, '', 'mary', 'pyne', 'director of services', '', '', '2012-08-24'),
(154, '', 'stephen', 'mahoney', 'director of services', '', '', '2000-01-01'),
(155, '', 'sue', 'islam', 'director of services', '', '', '2012-10-01'),
(156, '', 'jennifer', 'scott', '', '', '', '2014-02-10'),
(157, '', 'mary', 'moran', '', '', '', '2014-02-10'),
(158, '', 'ann', 'brouder', 'director of nursing', '', '', '2008-04-18'),
(159, '', 'cian', 'murphy', '', '', '', '2013-03-04'),
(160, '', 'gareth', 'mcmillan', 'occupational therapist', '', '', '2010-02-16'),
(161, '', 'ines', 'lawlor', '', '', '', '2008-03-14'),
(162, '', 'margaret', 'harte', '', '', '', '2000-01-01'),
(163, '', 'micheal', 'madden', '', '', '', '2012-01-20'),
(164, '', 'sr', 'catherine o''donovan', 'occupational therapist', '', '', '2008-02-28'),
(165, '', 'liam', 'aherne', 'services', '', '', '2000-01-01'),
(166, '', 'regina', 'brennan', '', '', '', '2000-01-01'),
(167, '', 'james', 'o''mahony', 'occupational therapist', '', '', '2000-01-01'),
(168, '', 'sean', 'o''connell', '', '', '', '2014-03-10'),
(169, '', 'carol', 'gannon', 'ceo', '', '', '2014-03-10'),
(170, '', 'pat', 'o''connor', 'nurse manager', '', '', '2012-07-20'),
(171, '', 'paul', 'cope', 'principal', '', '', '2014-06-09'),
(172, '', 'fred', 'lee', '', '', '', '2011-06-17'),
(173, '', 'kieran', 'byrne', '', '', '', '2013-01-14'),
(174, '', 'deirdre', 'kuaid', '', '', '', '2014-06-20'),
(175, '', 'aishling', 'barry', '', '', '', '2014-05-02'),
(176, '', 'anne', 'gaffney', '', '', '', '2014-05-02'),
(177, '', 'audrey', 'wright', '', '', '', '2014-05-02'),
(178, '', 'barry', 'mccauley', '', '', '', '2014-04-23'),
(179, '', 'bernard', 'ryan', '', '', '', '2012-04-26'),
(180, '', 'brahim', '', '', '', '', '2000-01-01'),
(181, '', 'brendan', 'hanamy', '', '', '', '2014-05-02'),
(182, '', 'briege', 'laverty', '', '', '', '2014-05-02'),
(183, '', 'gerald', 'brennan', '', '', '', '2014-04-23'),
(184, '', 'jim', 'collins', '', '', '', '2014-05-02'),
(185, '', 'jodie', 'kelly', '', '', '', '2014-05-02'),
(186, '', 'john', 'mccormack', '', '', '', '2014-05-02'),
(187, '', 'kathleen', 'foley', '', '', '', '2014-05-02'),
(188, '', 'laura', 'hartrey', '', '', '', '2014-05-02'),
(189, '', 'maeve', 'lawlor', '', '', '', '2013-11-27'),
(190, '', 'marion', 'o''brien', '', '', '', '2014-05-02'),
(191, '', 'martina', 'mckinstrey', '', '', '', '2014-05-02'),
(192, '', 'michael', 'smyth', '', '', '', '2014-05-02'),
(193, '', 'miriam', 'butler', '', '', '', '2014-05-02'),
(194, '', 'niamh', 'mcmanus', '', '', '', '2014-05-02'),
(195, '', 'paddy', 'cowman', '', '', '', '2014-05-02'),
(196, '', 'paul', 'o''brien', '', '', '', '2014-05-02'),
(197, '', 'raymond', 'swan', '', '', '', '2000-01-01'),
(198, '', 'sandra', 'carroll', '', '', '', '2014-05-02'),
(199, '', 'sandra', 'collins', '', '', '', '2014-05-02'),
(200, '', 'sarah', 'gallagher', '', '', '', '2014-04-23'),
(201, '', 'sean', 'cullen', '', '', '', '2014-04-23'),
(202, '', 'sofie', '', '', '', '', '2000-01-01'),
(203, '', 'stephen', 'eustace', '', '', '', '2014-05-02'),
(204, '', 'theresa', 'duffy', '', '', '', '2014-05-02'),
(205, '', 'tina', 'byrne', '', '', '', '2014-05-02'),
(206, '', 'tom', 'o''sullivan', '', '', '', '2014-05-02'),
(207, '', 'tom', 'sullivan', '', '', '', '2014-05-02'),
(208, '', 'yvonne', 'mckibbin', '', '', '', '2014-07-11'),
(209, '', 'sean', 'quish', '', '', '', '2000-01-01'),
(210, '', 'anthony', 'franey', '', '', '', '2013-09-02'),
(211, '', 'helen', 'lawrence', '', '', '', '2012-11-08'),
(212, '', 'rory', 'd''arcy', '', '', '', '2012-11-08'),
(213, '', 'rosie', 'gowran', '', '', '', '2012-11-08'),
(214, '', 'mary', 'prendergast', '', '', '', '2013-04-05'),
(215, '', 'joe', 'flawler', '', '', '', '2010-04-29'),
(216, '', 'mary', 'killane', 'manager', '', '', '2008-05-07'),
(217, '', 'sheila', 'murphy', '', '', '', '2008-04-02'),
(218, '', 'ann', 'costigan', '', '', '', '2014-04-23'),
(219, '', 'eamon', 'huges', '', '', '', '2009-08-17'),
(220, '', 'fiona', 'toolan', '', '', '', '2014-04-23'),
(221, '', 'frank', 'stephens', '', '', '', '2014-04-23'),
(222, '', 'patrick', 'spellman', '', '', '', '2014-04-23'),
(223, '', 'liam', 'fitzgerald', '', '', '', '2013-10-07'),
(224, '', 'margaret', 'wilson', '', '', '', '2013-10-07'),
(225, '', 'p', 'coady', '', '', '', '2012-04-16'),
(226, '', 'advance', 'maintenance', '', '', '', '2014-06-19'),
(227, '', 'aidan', 'o''brien', '', '', '', '2014-06-20'),
(228, '', 'alan', 'carrigan', '', '', '', '2014-06-19'),
(229, '', 'alice', 'duffy', '', '', '', '2014-06-19'),
(230, '', 'alice', 'malone', '', '', '', '2014-06-19'),
(231, '', 'andrew', 'farrell', '', '', '', '2013-11-27'),
(232, '', 'andrew', 'lambert', '', '', '', '2014-06-19'),
(233, '', 'ann', 'gaffney', '', '', '', '2014-06-19'),
(234, '', 'anne', 'connors', '', '', '', '2014-06-19'),
(235, '', 'anne', 'fleck byrne', '', '', '', '2014-06-19'),
(236, '', 'anne', 'o''leary', '', '', '', '2014-06-19'),
(237, '', 'anne', 'tierney', '', '', '', '2000-01-01'),
(238, '', 'annie', 'teresa grennan', '', '', '', '2014-06-19'),
(239, '', 'aoife', 'delaney', '', '', '', '2014-06-19'),
(240, '', 'aoife', 'delany', '', '', '', '2014-06-19'),
(241, '', 'aoife', 'delany', '', '', '', '2014-06-19'),
(242, '', 'ashling', 'quinn', '', '', '', '2000-01-01'),
(243, '', 'audrey', 'darby', '', '', '', '2014-06-19'),
(244, '', 'austin', 'daly', '', '', '', '2014-06-20'),
(245, '', 'avril', 'carberry', '', '', '', '2014-06-19'),
(246, '', 'avril', 'carbery', '', '', '', '2014-06-19'),
(247, '', 'batt', 'hegarty', '', '', '', '2014-06-19'),
(248, '', 'ber', 'power', '', '', '', '2000-01-01'),
(249, '', 'breda', 'sheehan', '', '', '', '2014-06-20'),
(250, '', 'brendan', 'byrne', '', '', '', '2014-06-19'),
(251, '', 'brigid', 'mcdonagh', '', '', '', '2000-01-01'),
(252, '', 'carmel', 'dempsey', '', '', '', '2014-02-17'),
(253, '', 'carol', 'hawkins', '', '', '', '2014-06-19'),
(254, '', 'catherine', 'fairclough', '', '', '', '2014-06-19'),
(255, '', 'cbc', 'secondary school', '', '', '', '2014-06-19'),
(256, '', 'celine', 'mulqueen', '', '', '', '2014-06-19'),
(257, '', 'cora', 'monaghan', '', '', '', '2000-01-01'),
(258, '', 'amy', 'monighan', '', '', '', '2013-08-12'),
(259, '', 'catherine', 'ivory', '', '', '', '2013-09-02'),
(260, '', 'deirdre', 'courtney', '', '', '', '2014-02-10'),
(261, '', 'ann', 'gaughran', 'director of services', '', '', '2014-06-09'),
(262, '', 'kay', 'o''keefe', 'director of services', '', '', '2013-01-14'),
(263, '', 'martina', 'wheelan', 'director of services', '', '', '2013-08-12'),
(264, '', 'nathan', 'forristal', 'director of services', '', '', '2013-01-14'),
(265, '', 'pat', 'o''halloran', 'director of services', '', '', '2013-11-13'),
(266, '', 'pat', 'o''halloran principal', 'director of services', '', '', '2013-02-21'),
(267, '', 'patrick', 'doran', 'director of services', '', '', '2013-11-13'),
(268, '', 'emer', 'murphy', '', '', '', '2008-03-12'),
(269, '', 'emily', 'mckenna', '', '', '', '2008-03-12'),
(270, '', 'fergall', 'mee', '', '', '', '2000-01-01'),
(271, '', 'lisa', 'coughlan', '', '', '', '2000-01-01'),
(272, '', 'sarah', 'hynes', 'school principle', '', '', '2000-01-01'),
(273, '', 'walter', 'maguire', 'school principle', '', '', '2008-04-09'),
(274, '', 'april', 'bryan', 'principal', '', '', '2012-07-16'),
(275, '', 'teresa', 'gordan', 'principal', '', '', '2012-07-16'),
(276, '', 'margaret', 'o''callaghan', '', '', '', '2011-05-04'),
(277, '', 'maria', 'o''riordan', '', '', '', '2011-11-23'),
(278, '', 'marie', 'leydon', '', '', '', '2012-06-18'),
(279, '', 'mary', 'brennan', '', '', '', '2011-11-23'),
(280, '', 'mary', 'mitchell', '', '', '', '2011-11-23'),
(281, '', 'mary', 'stack', '', '', '', '2011-11-23'),
(282, '', 'matthew', 'sharkey', '', '', '', '2011-11-23'),
(283, '', 'maura', 'hayes', '', '', '', '2011-11-23'),
(284, '', 'michael', 'bracken', '', '', '', '2011-11-23'),
(285, '', 'michael', 'doogan', '', '', '', '2011-11-23'),
(286, '', 'michelle', 'pender', '', '', '', '2011-11-23'),
(287, '', 'miriam', 'stokes', '', '', '', '2011-11-23'),
(288, '', 'mr', 'o''donoghue', '', '', '', '2012-03-26'),
(289, '', 'mrs a', 'mccarthy', '', '', '', '2011-11-23'),
(290, '', 'noel', 'mcgarr', '', '', '', '2011-05-04'),
(291, '', 'noreen', 'connolly', '', '', '', '2012-01-09'),
(292, '', 'nuala', 'boyd', '', '', '', '2011-11-23'),
(293, '', 'orla', 'murphy', '', '', '', '2011-11-23'),
(294, '', 'owen', 'ward', '', '', '', '2011-11-23'),
(295, '', 'pat', 'cronin', '', '', '', '2011-11-23'),
(296, '', 'pat', 'mangan', '', '', '', '2011-11-23'),
(297, '', 'pat', 'tobin', '', '', '', '2011-11-23'),
(298, '', 'patricia', 'brett', '', '', '', '2011-11-23'),
(299, '', 'patsy', 'o''keffe', '', '', '', '2011-11-23'),
(300, '', 'paul', '& michelle fitzpatrick', '', '', '', '2011-11-23'),
(301, '', 'paul', 'shee', '', '', '', '2011-05-04'),
(302, '', 'paula', 'steele', '', '', '', '2011-11-23'),
(303, '', 'pauline', 'vaughan', '', '', '', '2011-11-23'),
(304, '', 'principal', 'sodexo', '', '', '', '2011-11-23'),
(305, '', 'rebecca', 'davies', '', '', '', '2011-11-23'),
(306, '', 'rose', 'christie', '', '', '', '2011-11-23'),
(307, '', 'kathleen', 'o''mahony', 'director of nursing', '', '', '2009-07-16'),
(308, '', 'mairead', 'hallrohan', 'director of nursing', '', '', '2014-02-10'),
(309, '', 'paddy', 'mc inerney', 'director of nursing', '', '', '2014-02-10'),
(310, '', 'anne', 'o''dwyer', '', '', '', '2014-06-09'),
(311, '', 'anne', 'o''dwyer', '', '', '', '2011-08-10'),
(312, '', 'bernie', 'buckley', '', '', '', '2011-08-10'),
(313, '', 'cathal', 'o''riada', '', '', '', '2011-08-10'),
(314, '', 'gail', 'hickey', '', '', '', '2011-08-10'),
(315, '', 'jerry', 'llewellyn', '', '', '', '2011-08-10'),
(316, '', 'kayren', 'hayes', '', '', '', '2011-01-19'),
(317, '', 'mary', 'p. cousins', '', '', '', '2011-08-10'),
(318, '', 'mary', 'twohig mccarthy', '', '', '', '2013-11-13'),
(319, '', 'nuala', 'nolan', '', '', '', '2011-08-10'),
(320, '', 'ray', 'dwyer', '', '', '', '2011-01-19'),
(321, '', 'declan', 'ryan', '', '', '', '2014-06-09'),
(322, '', 'carmel', 'coomey', '', '', '', '2012-11-21'),
(323, '', 'louise', 'jackson', '', '', '', '2010-12-14'),
(324, '', 'sean', 'hanafin', '', '', '', '2013-02-20'),
(325, '', 'tara', 'fields', '', '', '', '2011-06-17'),
(326, '', 'eric', 'whelan', '', '', '', '2012-10-03'),
(327, '', 'anna', 'carr', '', '', '', '2010-05-24'),
(328, '', 'david', 'donergan', '', '', '', '2010-05-24'),
(329, '', 'tracy', 'harris', '', '', '', '2008-08-11'),
(330, '', 'kathleen', 'malloy', '', '', '', '2000-01-01'),
(331, '', 'julienne', 'donegan', '', '', '', '2014-06-09'),
(332, '', 'jean', 'mulvaney', '', '', '', '2000-01-01'),
(333, '', 'eddie', '& nell duffy', '', '', '', '2008-05-29'),
(334, '', 'michael', 'connolly', '', '', '', '2014-07-10'),
(335, '', 'michael', 'dunbarr', '', '', '', '2008-07-24'),
(336, '', 'pauline', 'travers', '', '', '', '2014-07-10'),
(337, '', 'john', 'scott', '', '', '', '2000-01-01'),
(338, '', 'michael', 'fanning', '', '', '', '2014-07-11'),
(339, '', 'a', 'another', '', '', '', '2011-01-19'),
(340, '', 'a', 'bunch of travellers', '', '', '', '2014-06-06'),
(341, '', 'breda', 'grealish', '', '', '', '2014-06-06'),
(342, '', 'c', '', '', '', '', '2000-01-01'),
(343, '', 'catherine', 'farrell', '', '', '', '2013-11-27'),
(344, '', 'helen', 'mulroy', '', '', '', '2014-06-19'),
(345, '', 'john', 'campbell', '', '', '', '2014-01-28'),
(346, '', 'liam', 'mchugh', '', '', '', '2014-06-06'),
(347, '', 'don', 'campbell', '', '', '', '2008-07-14'),
(348, '', 'linda', 'mc carthy', '', '', '', '2008-07-14'),
(349, '', 'liz', 'james', '', '', '', '2008-07-14'),
(350, '', 'margaret', 'fitzgerald', '', '', '', '2008-07-14'),
(351, '', 'fiona', 'mcsweeney', '', '', '', '2000-01-01'),
(352, '', 'moira', 'grims', '', '', '', '2000-01-01'),
(353, '', 'ester', 'mcredmond', '', '', '', '2014-03-10'),
(354, '', 'karen', 'finson', '', '', '', '2014-03-10'),
(355, '', 'laureen', 'mckenna', '', '', '', '2012-04-13'),
(356, '', 'paddy', 'redmond', '', '', '', '2010-02-16'),
(357, '', 'carolin', 'ahlers', 'school principle', '', '', '2013-11-13'),
(358, '', 'colin', '& catherine sheehan', 'school principle', '', '', '2010-09-29'),
(359, '', 'clifford', 'martin', '', '', '', '2008-07-10'),
(360, '', 'garrett', 'hayes', '', '', '', '2008-07-10'),
(361, '', 'john', 'wycherley', '', '', '', '2008-07-10'),
(362, '', 'marc', 'sheehan', '', '', '', '2008-07-10'),
(363, '', 'liam', 'ryan', '', '', '', '2012-04-13'),
(364, '', 'noel', 'connolly', '', '', '', '2012-08-07'),
(365, '', 'theresa', 'smith', '', '', '', '2012-02-22'),
(366, '', 'mary', 'flanagan', '', '', '', '2008-05-06'),
(367, '', 'angela', 'hennesy', '', '', '', '2014-02-17'),
(368, '', 'margaret', 'kearney', '', '', '', '2014-02-17'),
(369, '', 'yvonne', 'mckibben', '', '', '', '2014-02-17'),
(370, '', 'mary', 'sheary', '', '', '', '2014-03-07'),
(371, '', 'margaret', 'langan', '', '', '', '2010-06-02'),
(372, '', 'nuala', 'o''reily', '', '', '', '2010-06-02'),
(373, '', 'david', '& deidre horan', 'school principle', '', '', '2014-06-09'),
(374, '', 'mary', 'mcswiney', 'principal', '', '', '2012-11-08'),
(375, '', 'maura', 'crowley', '', '', '', '2014-07-11'),
(376, '', 'colm', 'keher', '', '', '', '2014-02-10'),
(377, '', 'michele', 'cahalane', 'school principal', '', '', '2000-01-01'),
(378, '', 'michael', 'fogarty no longer has this', '', '', '', '2013-01-14'),
(379, '', 'kate', 'cullinane friel', '', '', '', '2013-06-21'),
(380, '', 'angela', 'cronin', '', '', '', '2008-09-16'),
(381, '', 'donal', 'mc kiernan', '', '', '', '2012-07-20'),
(382, '', 'william', 'mitchell', '', '', '', '2010-11-16'),
(383, '', 'john', 'patrick mccready', '', '', '', '2010-11-16'),
(384, '', 'yvonne', 'houston', '', '', '', '2010-11-16'),
(385, '', 'tony', 'heffernan', '', '', '', '2000-01-01'),
(386, '', 'sinead', 'seoighe', '', '', '', '2000-01-01'),
(387, '', 'monica', 'shannon', 'school principle', '', '', '2011-06-17'),
(388, '', 'aileen', 'costello', 'school principle', '', '', '2000-01-01'),
(389, '', 'gerard', 'mchale', 'school principal', '', '', '2011-08-08'),
(390, '', 'j', 'o''mahony', 'school principal', '', '', '2011-08-08'),
(391, '', 'judy', 'fahy', '', '', '', '2008-07-04'),
(392, '', 'dermot', 'healy', 'manager', '', '', '2000-01-01'),
(393, '', 'derry', 'mcmahon', '', '', '', '2014-01-28'),
(394, '', 'patrick', 'dawson', '', '', '', '2014-01-28'),
(395, '', 'colette', '', '', '', '', '2000-01-01'),
(396, '', 'eamon', 'corrigan', '', '', '', '2013-11-13'),
(397, '', 'jason', 'reylonds', '', '', '', '2013-11-13'),
(398, '', 'joe', 'flynn', '', '', '', '2000-01-01'),
(399, '', 'daniel', 'gubbins', '', '', '', '2000-01-01'),
(400, '', 'mary', 'power', '', '', '', '2010-11-02'),
(401, '', 'maurice', 'walsh', '', '', '', '2009-09-15'),
(402, '', 'liam', 'fitzgerald', 'maintenance manager', '', '', '2013-08-21'),
(403, '', 'marie', 'mcquillam', 'maintenance manager', '', '', '2010-09-15'),
(404, '', 'onagh', 'magner', '', '', '', '2000-01-01'),
(405, '', 'denis', 'minihane', '', '', '', '2013-03-04'),
(406, '', 'margaret', 'butler', '', '', '', '2000-01-01'),
(407, '', 'stephen', 'mcnulty', '', '', '', '2000-01-01'),
(408, '', 'anne', 'davern', '', '', '', '2000-01-01'),
(409, '', 'bety', 'stack', '', '', '', '2000-01-01'),
(410, '', 'carolanne', 'fitzpatrick', '', '', '', '2000-01-01'),
(411, '', 'edward', 'o''kane', '', '', '', '2000-01-01'),
(412, '', 'linda', 'mccarthy', '', '', '', '2000-01-01'),
(413, '', 'val', 'nolan', '', '', '', '2000-01-01'),
(414, '', 'afoie', 'o''donohue', 'director of nursing', '', '', '2013-09-02'),
(415, '', 'carmel', 'connaughton', 'director of nursing', '', '', '2000-01-01'),
(416, '', 'helen', 'mulroy', 'director of nursing', '', '', '2013-09-02'),
(417, '', 'joe', 'cannon', 'director of nursing', '', '', '2013-09-02'),
(418, '', 'marie', 'breslin', 'director of nursing', '', '', '2013-09-02'),
(419, '', 'noelle', 'burke', 'director of nursing', '', '', '2013-09-02'),
(420, '', 'eunan', 'gallagher', 'school principal', '', '', '2000-01-01'),
(421, '', 'maurice', 'walsh', '', '', '', '2014-06-06'),
(422, '', 'bridie', 'murphy', '', '', '', '2000-01-01'),
(423, '', 'mary', 'dillan', '', '', '', '2000-01-01'),
(424, '', 'grainne', 'dooley', 'principal', '', '', '2011-08-10'),
(425, '', 'mary', 'stack', '', '', '', '2009-09-15'),
(426, '', 'laura', 'humphries', '', '', '', '2000-01-01'),
(427, '', 'leslie', 'mclaughlin', '', '', '', '2008-08-11'),
(428, '', 'geraldine', 'mclean', '', '', '', '2010-02-11'),
(429, '', 'katherine', 'kelly', '', '', '', '2011-08-11'),
(430, '', 'marian', 'hall', '', '', '', '2011-08-11'),
(431, '', 'marie', 'aiken', '', '', '', '2000-01-01'),
(432, '', 's', 'brophy', '', '', '', '2000-01-01'),
(433, '', 'blank', 'cogan', 'supplies dept.', '', '', '2011-10-21'),
(434, '', 'cathal', 'mulligan', '', '', '', '2000-01-01'),
(435, '', 'peter', 'forrest', 'maintenance', '', '', '2014-02-10'),
(436, '', 'yvonne', 'burd', 'maintenance', '', '', '2014-02-10'),
(437, '', 'diarmaid', 'hennessy', '', '', '', '2008-09-26'),
(438, '', 'n', 'finnegan', '', '', '', '2010-12-14'),
(439, '', 'noreen', 'mcsweeney', '', '', '', '2008-04-15'),
(440, '', 'pat', 'piggott', '', '', '', '2008-04-15'),
(441, '', 'margaret', 'o''sullivan', '', '', '', '2010-11-16'),
(442, '', 'ailbhe', 'king', 'school principle', '', '', '2008-03-04'),
(443, '', 'ciara', 'cunningham', 'school principle', '', '', '2012-01-20'),
(444, '', 'elaine', 'dalton', 'school principle', '', '', '2012-01-20'),
(445, '', 'tracy', 'hutchin', 'school principle', '', '', '2012-01-20'),
(446, '', 'mary', 'mcphilip', '', '', '', '2011-03-28'),
(447, '', 'anthony', 'leavy', '', '', '', '2013-06-21'),
(448, '', 'sinead', 'perez', '', '', '', '2000-01-01'),
(449, '', 'siobhan', 'bergin', '', '', '', '2000-01-01'),
(450, '', 'therese', 'mcdermott', '', '', '', '2000-01-01'),
(451, '', 'thomas', 'bruton', '', '', '', '2000-01-01'),
(452, '', 'tom', 'sargent', '', '', '', '2000-01-01'),
(453, '', 'trudie', 'rowan', '', '', '', '2000-01-01'),
(454, '', 'vincent', 'cagney', '', '', '', '2000-01-01'),
(455, '', 'stephen', 'harding', '', '', '', '2014-06-20'),
(456, '', 'finn', 'carey', '', '', '', '2000-01-01'),
(457, '', 'maeve', 'tierney', '', '', '', '2014-02-10'),
(458, '', 'marie', 'dunphy', '', '', '', '2011-08-10'),
(459, '', 'caroline', 'mc cormack', '', '', '', '2013-02-21'),
(460, '', 'daniel', 'ryan', '', '', '', '2008-01-21'),
(461, '', 'denis', 'welch', 'secretary', '', '', '2011-02-22'),
(462, '', 'eimear', 'goulding', 'secretary', '', '', '2011-02-22'),
(463, '', 'anthony', 'dormer', '', '', '', '2011-06-17'),
(464, '', 'kristy', 'sanderson', 'school principle', '', '', '2013-10-30'),
(465, '', 'ann', 'foxe', 'school principal', '', '', '2014-01-29'),
(466, '', 'sadie', 'mc kenna', '', '', '', '2008-10-07'),
(467, '', 'gillian', 'kelt', 'principal', '', '', '2009-11-11'),
(468, '', 'heather', 'lynch', '', '', '', '2000-01-01'),
(469, '', 'heather', 'lynch', '', '', '', '2014-01-20'),
(470, '', 'siobhan', 'taylor', '', '', '', '2000-01-01'),
(471, '', 'anne', 'lowry', 'director of servivce', '', '', '2013-10-30'),
(472, '', 'annemaree', 'quinn', 'director of servivce', '', '', '2013-10-30'),
(473, '', 'billy', 'rice', 'director of servivce', '', '', '2013-10-30'),
(474, '', 'dermot', 'duke', 'director of servivce', '', '', '2011-05-04'),
(475, '', 'derry', 'mcmahon', '', '', '', '2009-05-12'),
(476, '', 'des', 'connolly', 'director of servivce', '', '', '2014-02-10'),
(477, '', 'donal', 'o''murchu', 'director of services', '', '', '2013-10-30'),
(478, '', 'donal', 'o''murchu', 'director of services', '', '', '2013-10-30'),
(479, '', 'liz', 'carey', 'director of servivce', '', '', '2013-10-30'),
(480, '', 'orlaith', 'mangan', 'principal', '', '', '2000-01-01'),
(481, '', 'emer', 'murphy', '', '', '', '2011-08-02'),
(482, '', 'alice', 'kelly', 'manager', '', '', '2009-04-15'),
(483, '', 'anglea', 'keane', 'manager', '', '', '2000-01-01'),
(484, '', 'deirdre', 'o''sullivan', 'manager', '', '', '2000-01-01'),
(485, '', 'frances', 'winton', 'manager', '', '', '2009-04-15'),
(486, '', 'helen', 'lawrence', 'nurse manager', '', '', '2014-06-09'),
(487, '', 'marian', 'dillon', 'nurse manager', '', '', '2012-08-07'),
(488, '', 'terence', 'murphy', 'nurse manager', '', '', '2013-08-21'),
(489, '', 'donnan', 'jordan', '', '', '', '2000-01-01'),
(490, '', 'mary', 'verling', 'school principal', '', '', '2010-03-12'),
(491, '', 'sr', 'jean browne', 'school principal', '', '', '2013-06-24'),
(492, '', 'olivia', 'buckley', '', '', '', '2008-10-21'),
(493, '', 'john', 'stack', '', '', '', '2000-01-01'),
(494, '', 'michael', 'cronin', '', '', '', '2013-08-12'),
(495, '', 'michelle', 'foley', '', '', '', '2011-09-12'),
(496, '', 'jill', 'carey', '', '', '', '2014-03-10'),
(497, '', 'linda', 'leahy', '', '', '', '2014-06-09'),
(498, '', 'jarleth', 'tunney', '', '', '', '2012-01-20'),
(499, '', 'jonna', 'goranson', 'school principal', '', '', '2012-03-26'),
(500, '', 'ann', 'brennan', '', '', '', '2014-06-09'),
(501, '', 'anne', 'drake', '', '', '', '2014-06-09'),
(502, '', 'danny', 'doherty', '', '', '', '2014-06-09'),
(503, '', 'georgina', 'mccudden', '', '', '', '2014-08-15'),
(504, '', 'geraldine', 'coyle', '', '', '', '2014-02-10'),
(505, '', 'geraldine', 'mc clean', '', '', '', '2014-06-09'),
(506, '', 'jacinta', 'lyons', '', '', '', '2008-04-14'),
(507, '', 'jim', 'brennan', '', '', '', '2014-06-09'),
(508, '', 'kathleen', 'barrett', '', '', '', '2014-08-15'),
(509, '', 'margaret', 'maguire', '', '', '', '2014-06-09'),
(510, '', 'michael', 'o''donnell', '', '', '', '2014-06-09'),
(511, '', 'peter', 'mchugh', '', '', '', '2000-01-01'),
(512, '', 'seamus', 'o''branainn', '', '', '', '2014-06-09'),
(513, '', 'susan', 'clarke', '', '', '', '2014-06-09'),
(514, '', 'tony', 'kitterick', '', '', '', '2010-03-09'),
(515, '', 'office', '', '', '', '', '2000-01-01'),
(516, '', 'abm', '', '', '', '', '2014-04-23'),
(517, '', 'ann', 'clusky', '', '', '', '2000-01-01'),
(518, '', 'ann', 'kildea', 'building and safety officer', '', '', '2014-06-09'),
(519, '', 'ann', 'sheedy', 'building and safety officer', '', '', '2013-11-27'),
(520, '', 'annmarie', 'flynn', 'building and safety officer', '', '', '2014-06-06'),
(521, '', 'anthony', 'higgins', '', '', '', '2008-02-12'),
(522, '', 'anthony', 'sheridan', 'building and safety officer', '', '', '2014-06-06'),
(523, '', 'betty', 'synan', 'building and safety officer', '', '', '2013-11-27'),
(524, '', 'catherina', 'mcgrath', '', '', '', '2008-01-21'),
(525, '', 'catherine', 'dulligan', 'building and safety officer', '', '', '2012-11-08'),
(526, '', 'catherine', 'dulligan', '', '', '', '2009-03-05'),
(527, '', 'christina', 'draney', 'building and safety officer', '', '', '2012-11-08'),
(528, '', 'christina', 'draney', 'building and safety officer', '', '', '2011-08-10'),
(529, '', 'christina', 'draney', '', '', '', '2014-01-28'),
(530, '', 'christina', 'draney', '', '', '', '2000-01-01'),
(531, '', 'christina', 'pasley', 'building and safety officer', '', '', '2013-11-27'),
(532, '', 'con', 'o''sullivan', '', '', '', '2008-03-04'),
(533, '', 'don', '', '', '', '', '2013-09-18'),
(534, '', 'don', '', '', '', '', '2013-09-18'),
(535, '', 'donal', 'o''sullivan', '', '', '', '2010-11-08'),
(536, '', 'eleanor', 'o''callaghan', '', '', '', '2000-01-01'),
(537, '', 'elizabeth', 'lanigan-ryan', '', '', '', '2014-03-10'),
(538, '', 'elizabeth', 'lanigan-ryan', '', '', '', '2013-06-24'),
(539, '', 'ethel', 'mccullagh', '', '', '', '2014-04-23'),
(540, '', 'frank', 'stephens', '', '', '', '2010-02-12'),
(541, '', 'helen', 'lawrence', '', '', '', '2000-01-01'),
(542, '', 'helen', 'lawrence', 'building and safety officer', '', '', '2011-08-08'),
(543, '', 'jarleth', 'tunney', '', '', '', '2014-03-10'),
(544, '', 'jean', 'mckenzie', '', '', '', '2011-08-10'),
(545, '', 'john', 'lawlor', '', '', '', '2013-11-27'),
(546, '', 'joy', 'batzs', 'building and safety officer', '', '', '2012-11-08'),
(547, '', 'joy', 'batzs', 'building and safety officer', '', '', '2008-08-11'),
(548, '', 'joy', 'batzs', '', '', '', '2014-04-23'),
(549, '', 'katherine', 'duran', '', '', '', '2014-04-23'),
(550, '', 'kathy', 'doherty', 'building and safety officer', '', '', '2012-11-08'),
(551, '', 'leslie', 'mclaughlin', 'building and safety officer', '', '', '2011-09-12'),
(552, '', 'leslie', 'mclaughlin', '', '', '', '2013-09-18'),
(553, '', 'leslie', 'mclaughlin', '', '', '', '2000-01-01'),
(554, '', 'leslie', 'mclaughlin', '', '', '', '2014-03-10'),
(555, '', 'leslie', 'mclaughlin', 'building and safety officer', '', '', '2012-11-08'),
(556, '', 'leslie', 'mclaughlin', '', '', '', '2012-11-08'),
(557, '', 'leslie', 'mclaughlin', 'building and safety officer', '', '', '2011-08-11'),
(558, '', 'leslie', 'mclaughlin', '', '', '', '2014-02-10'),
(559, '', 'leslie', 'mclaughlin', '', '', '', '2014-04-23'),
(560, '', 'leslie', 'mclaughlin', '', '', '', '2014-06-06'),
(561, '', 'leslie', 'mclaughlin', 'building and safety officer', '', '', '2013-08-12'),
(562, '', 'leslie', 'mclaughlin', 'building and safety officer', '', '', '2013-04-05'),
(563, '', 'leslie', 'mclaughlin', '', '', '', '2013-06-24'),
(564, '', 'leslie', 'mclaughlin', '', '', '', '2011-08-10'),
(565, '', 'lester', '& elaine sutton', '', '', '', '2009-03-05'),
(566, '', 'liam', 'o''connor', '', '', '', '2013-02-19'),
(567, '', 'lilian', 'colgan', '', '', '', '2012-11-08'),
(568, '', 'office', '', 'building and safety officer', '', '', '2009-03-05'),
(569, '', 'liz', 'hayes', '', '', '', '2014-06-06'),
(570, '', 'lorraine', 'kenneally', '', '', '', '2014-06-06'),
(571, '', 'mai', 'thompson', '', '', '', '2013-02-19'),
(572, '', 'mairead', 'kerr', 'manager', '', '', '2014-02-17'),
(573, '', 'mairead', 'kerr', 'building and safety officer', '', '', '2010-02-12'),
(574, '', 'majella', 'french o''connor', '', '', '', '2010-07-06'),
(575, '', 'margaret', 'hughes', '', '', '', '2014-01-28'),
(576, '', 'margaret', 'lordan', '', '', '', '2000-01-01'),
(577, '', 'office', '', '', '', '', '2000-01-01'),
(578, '', 'maureen', 'hannon', '', '', '', '2010-11-02'),
(579, '', 'mourice', 'o''riordan', '', '', '', '2014-04-23'),
(580, '', 'mrs', 'beatty', 'building and safety officer', '', '', '2014-06-06'),
(581, '', 'office', '', '', '', '', '2008-03-04'),
(582, '', 'oonagh', 'magner', '', '', '', '2014-06-09'),
(583, '', 'oonagh', 'magner', '', '', '', '2009-03-05'),
(584, '', 'paul', 'o''callaghan', '', '', '', '2014-04-23'),
(585, '', 'prinicpal', '', '', '', '', '2009-01-07'),
(586, '', 'office', '', 'building and safety officer', '', '', '2013-04-05'),
(587, '', 'robert', 'blackmore', '', '', '', '2014-06-09'),
(588, '', 'siobhan', 'taylor', '', '', '', '2011-10-21'),
(589, '', 'stephanie', 'ryan', '', '', '', '2014-06-20'),
(590, '', 'stephen', 'eustace', '', '', '', '2014-06-09'),
(591, '', 'stephen', 'eustace', '', '', '', '2013-09-18'),
(592, '', 'stephen', 'eustace', '', '', '', '2010-11-02'),
(593, '', 'stephen', 'eustace', 'occupational therapist', '', '', '2008-03-04'),
(594, '', 'teresa', 'gordan', '', '', '', '2011-09-12'),
(595, '', 'tony', 'diver', '', '', '', '2014-01-20'),
(596, '', 'tony', 'diver', '', '', '', '2010-05-13'),
(597, '', 'yvonne', 'mckibben', 'building and safety officer', '', '', '2014-06-06'),
(598, '', 'yvonne', 'mckibben', 'building and safety officer', '', '', '2011-06-17'),
(599, '', 'office', '', 'building and safety officer', '', '', '2012-03-26'),
(600, '', 'office', '', '', '', '', '2014-04-23'),
(601, '', 'office', '', '', '', '', '2014-02-10'),
(602, '', 'office', '', 'building and safety officer', '', '', '2013-08-12');

-- --------------------------------------------------------

--
-- Table structure for table `works_with`
--

DROP TABLE IF EXISTS `works_with`;
CREATE TABLE IF NOT EXISTS `works_with` (
  `workerid` int(10) NOT NULL,
  `companyid` int(10) NOT NULL,
  KEY `contactid` (`workerid`),
  KEY `contactid_2` (`workerid`),
  KEY `companyid` (`companyid`),
  KEY `workerid` (`workerid`),
  KEY `companyid_2` (`companyid`),
  KEY `workerid_2` (`workerid`)
) ENGINE=InnoDB DEFAULT CHARSET=latin1;

--
-- Dumping data for table `works_with`
--

INSERT INTO `works_with` (`workerid`, `companyid`) VALUES
(1, 1),
(2, 4),
(3, 5),
(4, 7),
(5, 7),
(6, 7),
(7, 7),
(8, 7),
(9, 7),
(10, 11),
(11, 11),
(12, 11),
(13, 1),
(14, 13),
(15, 16),
(16, 18),
(17, 18),
(18, 18),
(19, 18),
(20, 18),
(21, 22),
(22, 22),
(23, 22),
(24, 22),
(25, 22),
(26, 22),
(27, 22),
(28, 22),
(29, 22),
(30, 22),
(31, 22),
(32, 22),
(33, 22),
(34, 24),
(35, 26),
(36, 27),
(37, 34),
(38, 36),
(39, 36),
(40, 36),
(41, 36),
(79, 46),
(80, 46),
(81, 51),
(82, 53),
(83, 56),
(84, 56),
(85, 56),
(86, 56),
(87, 56),
(88, 56),
(89, 56),
(90, 56),
(91, 56),
(92, 56),
(93, 56),
(94, 56),
(95, 56),
(96, 56),
(97, 56),
(98, 56),
(99, 57),
(100, 59),
(101, 60),
(102, 60),
(103, 64),
(104, 64),
(105, 64),
(106, 64),
(107, 66),
(108, 66),
(109, 66),
(110, 66),
(111, 66),
(112, 66),
(113, 66),
(114, 66),
(115, 66),
(116, 66),
(117, 66),
(118, 66),
(119, 66),
(120, 68),
(121, 70),
(122, 71),
(123, 72),
(124, 75),
(125, 76),
(126, 76),
(127, 77),
(128, 79),
(129, 82),
(130, 82),
(131, 82),
(132, 83),
(133, 83),
(134, 83),
(135, 83),
(136, 84),
(137, 85),
(138, 86),
(139, 87),
(140, 87),
(141, 87),
(142, 88),
(143, 88),
(144, 94),
(145, 96),
(146, 99),
(147, 99),
(148, 103),
(149, 107),
(150, 109),
(151, 112),
(152, 112),
(153, 112),
(154, 112),
(155, 112),
(156, 114),
(157, 114),
(158, 115),
(159, 115),
(160, 115),
(161, 115),
(162, 115),
(163, 115),
(164, 115),
(165, 118),
(166, 118),
(167, 122),
(168, 124),
(169, 125),
(170, 127),
(171, 128),
(172, 131),
(173, 133),
(174, 142),
(175, 144),
(176, 144),
(177, 144),
(178, 144),
(179, 144),
(180, 144),
(181, 144),
(182, 144),
(183, 144),
(184, 144),
(185, 144),
(186, 144),
(187, 144),
(188, 144),
(189, 144),
(190, 144),
(191, 144),
(192, 144),
(193, 144),
(194, 144),
(195, 144),
(196, 144),
(197, 144),
(198, 144),
(199, 144),
(200, 144),
(201, 144),
(202, 144),
(203, 144),
(204, 144),
(205, 144),
(206, 144),
(207, 144),
(208, 145),
(209, 153),
(210, 154),
(211, 154),
(212, 154),
(213, 154),
(214, 155),
(215, 159),
(216, 160),
(217, 161),
(218, 162),
(219, 162),
(220, 162),
(221, 162),
(222, 162),
(223, 163),
(224, 163),
(225, 163),
(226, 164),
(227, 164),
(228, 164),
(229, 164),
(230, 164),
(231, 164),
(232, 164),
(233, 164),
(234, 164),
(235, 164),
(236, 164),
(237, 164),
(238, 164),
(239, 164),
(240, 164),
(241, 164),
(242, 164),
(243, 164),
(244, 164),
(245, 164),
(246, 164),
(247, 164),
(248, 164),
(249, 164),
(250, 164),
(251, 164),
(252, 164),
(253, 164),
(254, 164),
(255, 164),
(256, 164),
(257, 167),
(258, 169),
(259, 170),
(260, 174),
(261, 174),
(262, 174),
(263, 174),
(264, 174),
(265, 174),
(266, 174),
(267, 175),
(268, 175),
(269, 182),
(270, 182),
(271, 185),
(272, 185),
(273, 188),
(274, 188),
(275, 189),
(276, 189),
(277, 189),
(278, 189),
(279, 189),
(280, 189),
(281, 189),
(282, 189),
(283, 189),
(284, 189),
(285, 189),
(286, 189),
(287, 189),
(288, 189),
(289, 189),
(290, 189),
(291, 189),
(292, 189),
(293, 189),
(294, 189),
(295, 189),
(296, 189),
(297, 189),
(298, 189),
(299, 189),
(300, 189),
(301, 189),
(302, 189),
(303, 189),
(304, 189),
(305, 189),
(306, 189),
(307, 189),
(308, 192),
(309, 192),
(310, 192),
(311, 195),
(312, 195),
(313, 195),
(314, 195),
(315, 195),
(316, 195),
(317, 195),
(318, 195),
(319, 195),
(320, 195),
(321, 198),
(322, 200),
(323, 200),
(324, 202),
(325, 204),
(326, 207),
(327, 208),
(328, 208),
(329, 209),
(330, 212),
(331, 213),
(332, 215),
(333, 216),
(334, 217),
(335, 217),
(336, 217),
(337, 218),
(338, 218),
(339, 223),
(340, 223),
(341, 223),
(342, 223),
(343, 223),
(344, 223),
(345, 223),
(346, 223),
(347, 226),
(348, 226),
(349, 226),
(350, 226),
(351, 227),
(352, 227),
(353, 230),
(354, 230),
(355, 230),
(356, 230),
(357, 233),
(358, 233),
(359, 234),
(360, 234),
(361, 234),
(362, 234),
(363, 235),
(364, 240),
(365, 240),
(366, 243),
(367, 244),
(368, 244),
(369, 244),
(370, 249),
(371, 251),
(372, 251),
(373, 253),
(374, 254),
(375, 254),
(376, 255),
(377, 260),
(378, 263),
(379, 267),
(380, 272),
(381, 273),
(382, 274),
(383, 275),
(384, 275),
(385, 276),
(386, 282),
(387, 287),
(388, 288),
(389, 289),
(390, 289),
(391, 295),
(392, 296),
(393, 296),
(394, 296),
(395, 297),
(396, 298),
(397, 298),
(398, 298),
(399, 305),
(400, 305),
(401, 306),
(402, 308),
(403, 308),
(404, 312),
(405, 313),
(406, 313),
(407, 315),
(408, 315),
(409, 315),
(410, 315),
(411, 315),
(412, 315),
(413, 316),
(414, 316),
(415, 316),
(416, 316),
(417, 316),
(418, 319),
(419, 323),
(420, 323),
(421, 328),
(422, 334),
(423, 334),
(424, 336),
(425, 336),
(426, 336),
(427, 336),
(428, 337),
(429, 340),
(430, 342),
(431, 344),
(432, 344),
(433, 346),
(434, 348),
(435, 348),
(436, 348),
(437, 350),
(438, 351),
(439, 353),
(440, 353),
(441, 353),
(442, 354),
(443, 357),
(444, 357),
(445, 357),
(446, 357),
(447, 357),
(448, 357),
(449, 357),
(450, 357),
(451, 358),
(452, 361),
(453, 363),
(454, 363),
(455, 364),
(456, 364),
(457, 370),
(458, 373),
(459, 373),
(460, 374),
(461, 375),
(462, 380),
(463, 381),
(464, 383),
(465, 385),
(466, 386),
(467, 387),
(468, 389),
(469, 389),
(470, 389),
(471, 389),
(472, 389),
(473, 389),
(474, 389),
(475, 389),
(476, 390),
(477, 392),
(478, 392),
(479, 392),
(480, 392),
(481, 396),
(482, 396),
(483, 398),
(484, 404),
(485, 404),
(486, 406),
(487, 408),
(488, 409),
(489, 410),
(490, 412),
(491, 412),
(492, 415),
(493, 416),
(494, 416),
(495, 416),
(496, 416),
(497, 416),
(498, 416),
(499, 416),
(500, 416),
(501, 416),
(502, 416),
(503, 416),
(504, 416),
(505, 416),
(506, 416),
(507, 416),
(515, 428),
(516, 425),
(517, 431),
(518, 424),
(519, 439),
(520, 449),
(521, 439),
(522, 439),
(523, 446),
(524, 431),
(525, 444),
(526, 431),
(527, 439),
(528, 444),
(529, 451),
(530, 424),
(531, 436),
(532, 429),
(533, 434),
(534, 421),
(535, 418),
(536, 435),
(537, 453),
(538, 434),
(539, 438),
(540, 424),
(541, 448),
(542, 453),
(543, 427),
(544, 425),
(545, 429),
(546, 431),
(547, 441),
(548, 434),
(549, 431),
(550, 420),
(551, 422),
(552, 424),
(553, 426),
(554, 429),
(555, 431),
(556, 432),
(557, 434),
(558, 439),
(559, 441),
(560, 441),
(561, 447),
(562, 450),
(563, 459),
(564, 441),
(565, 422),
(566, 432),
(567, 455),
(568, 439),
(569, 439),
(570, 422),
(571, 417),
(572, 454),
(573, 430),
(574, 425),
(575, 434),
(576, 445),
(577, 434),
(578, 439),
(579, 419),
(580, 439),
(581, 440),
(582, 443),
(583, 450),
(584, 452),
(585, 454),
(586, 459),
(587, 439),
(588, 441),
(589, 434),
(590, 419),
(591, 439),
(592, 434),
(593, 439),
(594, 429),
(595, 439),
(596, 456),
(597, 458),
(598, 423),
(599, 433),
(600, 439),
(601, 439),
(602, 442);

--
-- Constraints for dumped tables
--

--
-- Constraints for table `belongs_to`
--
ALTER TABLE `belongs_to`
  ADD CONSTRAINT `link belongs_to with contact_info` FOREIGN KEY (`contactid`) REFERENCES `contact_info` (`contactid`),
  ADD CONSTRAINT `link belongs_to with customers` FOREIGN KEY (`customerid`) REFERENCES `customer` (`customerid`);

--
-- Constraints for table `has`
--
ALTER TABLE `has`
  ADD CONSTRAINT `link has to contact_info` FOREIGN KEY (`contactid`) REFERENCES `contact_info` (`contactid`),
  ADD CONSTRAINT `link has to workers` FOREIGN KEY (`workerid`) REFERENCES `workers` (`workerid`);

--
-- Constraints for table `holidays_and_leave`
--
ALTER TABLE `holidays_and_leave`
  ADD CONSTRAINT `holidays_and_leave_ibfk_1` FOREIGN KEY (`holidayid`) REFERENCES `going_on` (`holidayid`);

--
-- Constraints for table `jobs`
--
ALTER TABLE `jobs`
  ADD CONSTRAINT `link jobs to assigned` FOREIGN KEY (`jobid`) REFERENCES `assigned` (`jobid`) ON DELETE CASCADE,
  ADD CONSTRAINT `link jobs to given` FOREIGN KEY (`jobid`) REFERENCES `given` (`jobid`) ON DELETE CASCADE,
  ADD CONSTRAINT `link jobs to job_location` FOREIGN KEY (`jobid`) REFERENCES `job_location` (`jobid`) ON DELETE CASCADE,
  ADD CONSTRAINT `link jobs to needs` FOREIGN KEY (`jobid`) REFERENCES `needs` (`jobid`) ON DELETE CASCADE,
  ADD CONSTRAINT `link jobs to requires` FOREIGN KEY (`jobid`) REFERENCES `requires` (`jobid`) ON DELETE CASCADE;

--
-- Constraints for table `needs`
--
ALTER TABLE `needs`
  ADD CONSTRAINT `link stock to needs` FOREIGN KEY (`serialid`) REFERENCES `stock` (`serialid`);

--
-- Constraints for table `quotes`
--
ALTER TABLE `quotes`
  ADD CONSTRAINT `link quotes to given` FOREIGN KEY (`quoteid`) REFERENCES `given` (`quoteid`) ON DELETE CASCADE;

--
-- Constraints for table `requires`
--
ALTER TABLE `requires`
  ADD CONSTRAINT `link requires to company` FOREIGN KEY (`companyid`) REFERENCES `company` (`companyid`);

--
-- Constraints for table `users`
--
ALTER TABLE `users`
  ADD CONSTRAINT `link user to assigned` FOREIGN KEY (`userid`) REFERENCES `assigned` (`userid`) ON DELETE CASCADE,
  ADD CONSTRAINT `link user to password` FOREIGN KEY (`userid`) REFERENCES `password` (`userid`) ON DELETE CASCADE,
  ADD CONSTRAINT `link users to going_on` FOREIGN KEY (`userid`) REFERENCES `going_on` (`userid`);

/*!40101 SET CHARACTER_SET_CLIENT=@OLD_CHARACTER_SET_CLIENT */;
/*!40101 SET CHARACTER_SET_RESULTS=@OLD_CHARACTER_SET_RESULTS */;
/*!40101 SET COLLATION_CONNECTION=@OLD_COLLATION_CONNECTION */;
